error_type,vis_now_10m,vis_tplus1_10m,station
FP,112.0,149.0,Taebaek
FN,149.0,85.0,Taebaek
TP,85.0,81.0,Taebaek
FP,81.0,122.0,Taebaek
FP,122.0,126.0,Taebaek
FP,126.0,175.0,Taebaek
FN,739.0,99.0,Taebaek
FN,281.0,91.0,Taebaek
TP,91.0,65.0,Taebaek
TP,65.0,83.0,Taebaek
TP,83.0,64.0,Taebaek
FP,64.0,207.0,Taebaek
FP,119.0,309.0,Taebaek
FN,259.0,53.0,Taebaek
FP,53.0,115.0,Taebaek
FP,115.0,302.0,Taebaek
FN,267.0,54.0,Taebaek
TP,54.0,32.0,Taebaek
FP,32.0,267.0,Taebaek
FN,267.0,34.0,Taebaek
TP,34.0,21.0,Taebaek
TP,21.0,16.0,Taebaek
TP,16.0,50.0,Taebaek
FP,50.0,704.0,Taebaek
FN,142.0,68.0,Taebaek
FP,68.0,188.0,Taebaek
FP,188.0,164.0,Taebaek
FP,141.0,1579.0,Taebaek
FN,298.0,56.0,Taebaek
FP,163.0,154.0,Taebaek
TP,154.0,23.0,Taebaek
TP,23.0,16.0,Taebaek
TP,16.0,16.0,Taebaek
TP,16.0,20.0,Taebaek
TP,20.0,19.0,Taebaek
FP,19.0,131.0,Taebaek
FN,899.0,25.0,Taebaek
TP,25.0,18.0,Taebaek
TP,18.0,33.0,Taebaek
FP,33.0,1035.0,Taebaek
FN,503.0,83.0,Taebaek
FP,347.0,330.0,Taebaek
FP,330.0,685.0,Taebaek
FP,127.0,131.0,Taebaek
FP,131.0,328.0,Taebaek
FN,379.0,33.0,Taebaek
TP,33.0,51.0,Taebaek
TP,51.0,15.0,Taebaek
TP,15.0,75.0,Taebaek
FP,75.0,405.0,Taebaek
FN,402.0,93.0,Taebaek
FP,93.0,223.0,Taebaek
FP,223.0,381.0,Taebaek
FP,114.0,966.0,Taebaek
FN,132.0,79.0,Taebaek
FN,256.0,87.0,Taebaek
FN,236.0,42.0,Taebaek
TP,42.0,28.0,Taebaek
TP,28.0,40.0,Taebaek
TP,40.0,54.0,Taebaek
TP,54.0,23.0,Taebaek
TP,23.0,28.0,Taebaek
TP,28.0,36.0,Taebaek
FN,409.0,86.0,Taebaek
TP,86.0,67.0,Taebaek
TP,67.0,34.0,Taebaek
FP,34.0,1137.0,Taebaek
FP,105.0,198.0,Taebaek
TP,213.0,70.0,Taebaek
TP,70.0,82.0,Taebaek
FP,82.0,264.0,Taebaek
FN,548.0,92.0,Taebaek
TP,92.0,30.0,Taebaek
TP,30.0,24.0,Taebaek
TP,24.0,30.0,Taebaek
TP,30.0,24.0,Taebaek
TP,24.0,16.0,Taebaek
TP,16.0,16.0,Taebaek
TP,16.0,14.0,Taebaek
TP,14.0,16.0,Taebaek
TP,16.0,13.0,Taebaek
TP,13.0,12.0,Taebaek
FP,12.0,122.0,Taebaek
FP,122.0,1708.0,Taebaek
FP,186.0,745.0,Taebaek
FN,106.0,11.0,Taebaek
TP,11.0,68.0,Taebaek
FP,68.0,166.0,Taebaek
FN,138.0,77.0,Taebaek
FP,77.0,112.0,Taebaek
FP,112.0,109.0,Taebaek
FP,109.0,113.0,Taebaek
FP,113.0,125.0,Taebaek
FN,125.0,98.0,Taebaek
FP,98.0,162.0,Taebaek
FN,162.0,86.0,Taebaek
TP,86.0,76.0,Taebaek
TP,76.0,96.0,Taebaek
TP,96.0,91.0,Taebaek
FP,91.0,132.0,Taebaek
FN,132.0,67.0,Taebaek
TP,67.0,62.0,Taebaek
TP,62.0,73.0,Taebaek
FP,73.0,121.0,Taebaek
FN,121.0,62.0,Taebaek
TP,62.0,62.0,Taebaek
TP,62.0,98.0,Taebaek
TP,98.0,94.0,Taebaek
TP,94.0,85.0,Taebaek
FP,85.0,106.0,Taebaek
FP,106.0,109.0,Taebaek
FP,109.0,204.0,Taebaek
FN,303.0,43.0,Taebaek
TP,43.0,40.0,Taebaek
FP,40.0,341.0,Taebaek
FP,114.0,109.0,Taebaek
FP,109.0,134.0,Taebaek
TP,134.0,95.0,Taebaek
TP,95.0,77.0,Taebaek
TP,77.0,54.0,Taebaek
TP,54.0,74.0,Taebaek
TP,74.0,70.0,Taebaek
TP,70.0,49.0,Taebaek
TP,49.0,66.0,Taebaek
TP,66.0,48.0,Taebaek
TP,48.0,73.0,Taebaek
TP,73.0,95.0,Taebaek
TP,95.0,72.0,Taebaek
TP,72.0,87.0,Taebaek
TP,87.0,70.0,Taebaek
FP,70.0,283.0,Taebaek
FP,102.0,269.0,Taebaek
FN,269.0,100.0,Taebaek
FP,141.0,166.0,Taebaek
FP,166.0,464.0,Taebaek
FN,115.0,47.0,Taebaek
FP,47.0,114.0,Taebaek
FP,114.0,572.0,Taebaek
FN,1357.0,11.0,Taebaek
FN,213.0,61.0,Taebaek
FP,61.0,364.0,Taebaek
FP,114.0,215.0,Taebaek
FP,122.0,628.0,Taebaek
FP,142.0,255.0,Taebaek
FP,152.0,121.0,Taebaek
FP,121.0,141.0,Taebaek
FP,141.0,140.0,Taebaek
FP,140.0,160.0,Taebaek
FN,157.0,62.0,Taebaek
TP,62.0,63.0,Taebaek
FP,63.0,106.0,Taebaek
TP,106.0,50.0,Taebaek
TP,50.0,59.0,Taebaek
TP,59.0,80.0,Taebaek
FP,80.0,139.0,Taebaek
FP,139.0,149.0,Taebaek
FN,1457.0,85.0,Taebaek
FN,138.0,98.0,Taebaek
FP,98.0,221.0,Taebaek
FN,148.0,74.0,Taebaek
FP,74.0,723.0,Taebaek
FP,112.0,408.0,Taebaek
FN,398.0,77.0,Taebaek
FN,260.0,98.0,Taebaek
FP,102.0,462.0,Taebaek
FN,207.0,83.0,Taebaek
TP,83.0,64.0,Taebaek
TP,64.0,72.0,Taebaek
TP,72.0,78.0,Taebaek
TP,78.0,67.0,Taebaek
TP,67.0,84.0,Taebaek
FP,84.0,151.0,Taebaek
TP,18.0,25.0,Taebaek
TP,25.0,34.0,Taebaek
TP,34.0,19.0,Taebaek
FP,19.0,773.0,Taebaek
FN,230.0,91.0,Taebaek
FP,91.0,111.0,Taebaek
FP,111.0,234.0,Taebaek
FN,1873.0,29.0,Taebaek
FN,29.0,57.0,Taebaek
TP,57.0,22.0,Taebaek
TP,22.0,27.0,Taebaek
FN,566.0,65.0,Taebaek
FN,434.0,28.0,Taebaek
FN,143.0,21.0,Taebaek
TP,21.0,34.0,Taebaek
TP,34.0,15.0,Taebaek
TP,15.0,14.0,Taebaek
TP,14.0,24.0,Taebaek
TP,24.0,29.0,Taebaek
TP,29.0,27.0,Taebaek
FN,460.0,46.0,Taebaek
FN,366.0,34.0,Taebaek
FN,109.0,54.0,Taebaek
FN,207.0,26.0,Taebaek
FP,26.0,242.0,Taebaek
TP,153.0,49.0,Taebaek
TP,49.0,95.0,Taebaek
FP,95.0,831.0,Taebaek
FN,2059.0,44.0,Taebaek
FN,44.0,78.0,Taebaek
FP,78.0,387.0,Taebaek
FN,1286.0,82.0,Taebaek
FN,141.0,23.0,Taebaek
TP,23.0,37.0,Taebaek
TP,37.0,49.0,Taebaek
FP,49.0,601.0,Taebaek
FN,135.0,80.0,Taebaek
TP,80.0,27.0,Taebaek
TP,27.0,25.0,Taebaek
FP,25.0,1296.0,Taebaek
TP,169.0,18.0,Taebaek
TP,18.0,39.0,Taebaek
TP,39.0,23.0,Taebaek
TP,23.0,58.0,Taebaek
FP,58.0,848.0,Taebaek
FP,326.0,1670.0,Taebaek
FN,572.0,97.0,Taebaek
FP,97.0,571.0,Taebaek
FN,1521.0,18.0,Taebaek
FP,18.0,275.0,Taebaek
TP,275.0,89.0,Taebaek
FP,89.0,1378.0,Taebaek
FN,2221.0,82.0,Taebaek
FN,238.0,57.0,Daegwallyeong
FN,158.0,59.0,Daegwallyeong
FP,59.0,149.0,Daegwallyeong
TP,149.0,40.0,Daegwallyeong
FP,40.0,169.0,Daegwallyeong
FN,169.0,78.0,Daegwallyeong
TP,78.0,57.0,Daegwallyeong
FP,57.0,310.0,Daegwallyeong
FN,4520.0,18.0,Daegwallyeong
FP,18.0,347.0,Daegwallyeong
FP,111.0,139.0,Daegwallyeong
FP,139.0,114.0,Daegwallyeong
FP,114.0,118.0,Daegwallyeong
FP,118.0,202.0,Daegwallyeong
FP,117.0,145.0,Daegwallyeong
FP,109.0,160.0,Daegwallyeong
FP,160.0,320.0,Daegwallyeong
FN,331.0,70.0,Daegwallyeong
FN,655.0,84.0,Daegwallyeong
FN,151.0,76.0,Daegwallyeong
FN,76.0,17.0,Daegwallyeong
TP,17.0,22.0,Daegwallyeong
TP,22.0,18.0,Daegwallyeong
TP,18.0,18.0,Daegwallyeong
TP,18.0,29.0,Daegwallyeong
TP,29.0,32.0,Daegwallyeong
FP,32.0,101.0,Daegwallyeong
FP,101.0,1280.0,Daegwallyeong
FP,204.0,158.0,Daegwallyeong
TP,158.0,88.0,Daegwallyeong
FP,88.0,103.0,Daegwallyeong
TP,103.0,67.0,Daegwallyeong
TP,67.0,74.0,Daegwallyeong
TP,74.0,50.0,Daegwallyeong
FP,50.0,109.0,Daegwallyeong
FP,109.0,126.0,Daegwallyeong
TP,126.0,52.0,Daegwallyeong
FP,52.0,102.0,Daegwallyeong
FP,102.0,119.0,Daegwallyeong
FP,119.0,160.0,Daegwallyeong
TP,160.0,29.0,Daegwallyeong
TP,29.0,80.0,Daegwallyeong
FN,80.0,85.0,Daegwallyeong
FP,85.0,486.0,Daegwallyeong
FN,948.0,70.0,Daegwallyeong
TP,70.0,58.0,Daegwallyeong
FP,58.0,229.0,Daegwallyeong
TP,229.0,45.0,Daegwallyeong
TP,45.0,30.0,Daegwallyeong
TP,30.0,26.0,Daegwallyeong
TP,26.0,25.0,Daegwallyeong
FP,25.0,195.0,Daegwallyeong
FP,195.0,111.0,Daegwallyeong
TP,111.0,48.0,Daegwallyeong
TP,48.0,41.0,Daegwallyeong
FP,41.0,186.0,Daegwallyeong
FP,186.0,582.0,Daegwallyeong
FN,368.0,29.0,Daegwallyeong
TP,29.0,29.0,Daegwallyeong
TP,29.0,20.0,Daegwallyeong
TP,20.0,31.0,Daegwallyeong
FN,31.0,27.0,Daegwallyeong
TP,27.0,48.0,Daegwallyeong
TP,107.0,28.0,Daegwallyeong
FP,28.0,161.0,Daegwallyeong
FP,161.0,657.0,Daegwallyeong
FP,138.0,579.0,Daegwallyeong
FN,579.0,48.0,Daegwallyeong
FP,48.0,519.0,Daegwallyeong
FN,1383.0,25.0,Daegwallyeong
FP,25.0,894.0,Daegwallyeong
TP,894.0,49.0,Daegwallyeong
TP,49.0,18.0,Daegwallyeong
TP,18.0,28.0,Daegwallyeong
TP,28.0,24.0,Daegwallyeong
FP,24.0,1327.0,Daegwallyeong
FN,436.0,17.0,Daegwallyeong
FP,17.0,709.0,Daegwallyeong
FN,3132.0,31.0,Daegwallyeong
FN,31.0,73.0,Daegwallyeong
FP,73.0,347.0,Daegwallyeong
FP,347.0,558.0,Daegwallyeong
FP,240.0,408.0,Daegwallyeong
FP,169.0,222.0,Daegwallyeong
FP,109.0,441.0,Daegwallyeong
FN,1293.0,38.0,Daegwallyeong
FP,38.0,916.0,Daegwallyeong
FP,121.0,2751.0,Daegwallyeong
FN,1006.0,46.0,Daegwallyeong
TP,46.0,26.0,Daegwallyeong
TP,26.0,66.0,Daegwallyeong
TP,66.0,17.0,Daegwallyeong
TP,17.0,26.0,Daegwallyeong
TP,26.0,31.0,Daegwallyeong
FP,31.0,335.0,Daegwallyeong
TP,335.0,17.0,Daegwallyeong
TP,17.0,41.0,Daegwallyeong
TP,41.0,75.0,Daegwallyeong
TP,121.0,45.0,Daegwallyeong
FP,45.0,821.0,Daegwallyeong
FN,2607.0,7.0,Daegwallyeong
FP,7.0,4922.0,Daegwallyeong
FN,1039.0,35.0,Daegwallyeong
FP,35.0,308.0,Daegwallyeong
FN,274.0,58.0,Daegwallyeong
FP,58.0,516.0,Daegwallyeong
FN,516.0,58.0,Daegwallyeong
FP,58.0,2172.0,Daegwallyeong
TP,112.0,27.0,Daegwallyeong
TP,27.0,42.0,Daegwallyeong
TP,42.0,29.0,Daegwallyeong
TP,29.0,37.0,Daegwallyeong
TP,37.0,28.0,Daegwallyeong
TP,28.0,26.0,Daegwallyeong
FP,26.0,315.0,Daegwallyeong
TP,133.0,46.0,Daegwallyeong
TP,46.0,44.0,Daegwallyeong
TP,44.0,19.0,Daegwallyeong
TP,19.0,35.0,Daegwallyeong
FN,619.0,66.0,Daegwallyeong
FP,66.0,160.0,Daegwallyeong
FP,160.0,262.0,Daegwallyeong
TP,149.0,93.0,Daegwallyeong
TP,93.0,100.0,Daegwallyeong
FP,100.0,1049.0,Daegwallyeong
FN,1196.0,74.0,Daegwallyeong
TP,74.0,63.0,Daegwallyeong
FP,63.0,214.0,Daegwallyeong
FP,214.0,1704.0,Daegwallyeong
FN,2279.0,80.0,Daegwallyeong
FP,80.0,117.0,Daegwallyeong
TP,117.0,46.0,Daegwallyeong
FN,2439.0,97.0,Daegwallyeong
FP,97.0,1731.0,Daegwallyeong
FN,188.0,64.0,Daegwallyeong
TP,64.0,57.0,Daegwallyeong
TP,57.0,90.0,Daegwallyeong
TP,90.0,62.0,Daegwallyeong
TP,62.0,75.0,Daegwallyeong
TP,75.0,79.0,Daegwallyeong
TP,79.0,85.0,Daegwallyeong
TP,85.0,69.0,Daegwallyeong
TP,69.0,45.0,Daegwallyeong
FN,759.0,30.0,Daegwallyeong
TP,30.0,22.0,Daegwallyeong
TP,22.0,34.0,Daegwallyeong
TP,34.0,19.0,Daegwallyeong
TP,19.0,23.0,Daegwallyeong
FN,837.0,18.0,Daegwallyeong
FP,18.0,1251.0,Daegwallyeong
FN,782.0,16.0,Daegwallyeong
TP,16.0,34.0,Daegwallyeong
TP,34.0,24.0,Daegwallyeong
TP,24.0,34.0,Daegwallyeong
TP,34.0,61.0,Daegwallyeong
FN,201.0,83.0,Daegwallyeong
FN,275.0,40.0,Daegwallyeong
FP,40.0,619.0,Daegwallyeong
FN,3844.0,88.0,Daegwallyeong
FN,3536.0,47.0,Daegwallyeong
TP,47.0,51.0,Daegwallyeong
TP,51.0,23.0,Daegwallyeong
TP,23.0,25.0,Daegwallyeong
TP,25.0,18.0,Daegwallyeong
TP,18.0,46.0,Daegwallyeong
FP,46.0,4985.0,Daegwallyeong
FN,1009.0,26.0,Daegwallyeong
FP,26.0,243.0,Daegwallyeong
FP,180.0,228.0,Daegwallyeong
FN,228.0,60.0,Daegwallyeong
TP,60.0,39.0,Daegwallyeong
FP,39.0,147.0,Daegwallyeong
FN,1018.0,87.0,Daegwallyeong
FP,87.0,526.0,Daegwallyeong
FP,259.0,162.0,Daegwallyeong
FN,162.0,33.0,Daegwallyeong
TP,33.0,32.0,Daegwallyeong
TP,32.0,57.0,Daegwallyeong
FN,57.0,43.0,Daegwallyeong
FN,278.0,86.0,Daegwallyeong
TP,86.0,45.0,Daegwallyeong
TP,45.0,28.0,Daegwallyeong
FN,28.0,93.0,Daegwallyeong
TP,128.0,49.0,Daegwallyeong
FP,49.0,458.0,Daegwallyeong
FN,325.0,23.0,Daegwallyeong
FP,23.0,778.0,Daegwallyeong
FN,454.0,69.0,Daegwallyeong
FP,69.0,246.0,Daegwallyeong
FN,732.0,26.0,Daegwallyeong
FN,374.0,24.0,Daegwallyeong
FP,24.0,317.0,Daegwallyeong
FN,1443.0,74.0,Daegwallyeong
FN,2914.0,33.0,Daegwallyeong
TP,33.0,31.0,Daegwallyeong
TP,31.0,21.0,Daegwallyeong
TP,21.0,75.0,Daegwallyeong
FP,75.0,556.0,Daegwallyeong
FP,157.0,4210.0,Daegwallyeong
TP,133.0,66.0,Daegwallyeong
FN,66.0,89.0,Daegwallyeong
TP,89.0,18.0,Daegwallyeong
TP,18.0,38.0,Daegwallyeong
FP,38.0,410.0,Daegwallyeong
FN,326.0,98.0,Daegwallyeong
FP,98.0,983.0,Daegwallyeong
FN,277.0,48.0,Daegwallyeong
FP,48.0,186.0,Daegwallyeong
TP,133.0,21.0,Daegwallyeong
TP,21.0,26.0,Daegwallyeong
TP,26.0,18.0,Daegwallyeong
TP,18.0,38.0,Daegwallyeong
TP,38.0,46.0,Daegwallyeong
FP,46.0,177.0,Daegwallyeong
FN,545.0,34.0,Daegwallyeong
FP,34.0,1900.0,Daegwallyeong
FN,1929.0,25.0,Daegwallyeong
FP,25.0,3682.0,Daegwallyeong
FN,5000.0,91.0,Daegwallyeong
FN,91.0,42.0,Daegwallyeong
FN,42.0,18.0,Daegwallyeong
FP,18.0,155.0,Daegwallyeong
FN,155.0,49.0,Daegwallyeong
TP,49.0,72.0,Daegwallyeong
FP,72.0,1163.0,Daegwallyeong
FN,2431.0,76.0,Daegwallyeong
FP,76.0,3051.0,Daegwallyeong
FN,3051.0,39.0,Daegwallyeong
FP,39.0,2288.0,Daegwallyeong
FN,896.0,41.0,Daegwallyeong
TP,41.0,17.0,Daegwallyeong
FP,17.0,1502.0,Daegwallyeong
FN,165.0,35.0,Daegwallyeong
FP,35.0,1381.0,Daegwallyeong
FN,1381.0,20.0,Daegwallyeong
TP,20.0,68.0,Daegwallyeong
FN,617.0,30.0,Daegwallyeong
FP,30.0,3677.0,Daegwallyeong
FN,1851.0,90.0,Daegwallyeong
FP,90.0,782.0,Daegwallyeong
FN,275.0,46.0,Daegwallyeong
TP,46.0,58.0,Daegwallyeong
FP,58.0,624.0,Daegwallyeong
FN,693.0,30.0,Daegwallyeong
FP,30.0,1914.0,Daegwallyeong
FP,209.0,414.0,Daegwallyeong
FN,414.0,51.0,Daegwallyeong
TP,51.0,51.0,Daegwallyeong
FP,51.0,2758.0,Daegwallyeong
FN,2758.0,58.0,Daegwallyeong
FP,58.0,2573.0,Daegwallyeong
FN,476.0,20.0,Daegwallyeong
TP,20.0,41.0,Daegwallyeong
FP,41.0,1857.0,Daegwallyeong
FN,1687.0,45.0,Daegwallyeong
FP,45.0,763.0,Daegwallyeong
FN,1296.0,9.0,Daegwallyeong
TP,9.0,9.0,Daegwallyeong
TP,9.0,48.0,Daegwallyeong
FP,48.0,681.0,Daegwallyeong
FN,147.0,22.0,Daegwallyeong
TP,22.0,58.0,Daegwallyeong
FP,58.0,1396.0,Daegwallyeong
FN,3372.0,15.0,Daegwallyeong
FN,15.0,13.0,Daegwallyeong
FP,13.0,727.0,Daegwallyeong
FN,2198.0,51.0,Daegwallyeong
FP,51.0,396.0,Daegwallyeong
FN,396.0,18.0,Daegwallyeong
FP,18.0,1716.0,Daegwallyeong
FN,402.0,36.0,Daegwallyeong
FP,36.0,145.0,Daegwallyeong
TP,145.0,19.0,Daegwallyeong
TP,19.0,91.0,Daegwallyeong
FP,91.0,194.0,Daegwallyeong
FN,270.0,90.0,Daegwallyeong
TP,90.0,26.0,Daegwallyeong
TP,26.0,77.0,Daegwallyeong
FN,1732.0,25.0,Daegwallyeong
FP,25.0,986.0,Daegwallyeong
FN,409.0,39.0,Daegwallyeong
FP,39.0,165.0,Daegwallyeong
FN,350.0,91.0,Daegwallyeong
FP,91.0,2297.0,Daegwallyeong
FN,1384.0,81.0,Daegwallyeong
FP,81.0,1521.0,Daegwallyeong
FN,3799.0,12.0,Daegwallyeong
FP,12.0,330.0,Daegwallyeong
TP,330.0,35.0,Daegwallyeong
TP,35.0,29.0,Daegwallyeong
TP,29.0,33.0,Daegwallyeong
FP,33.0,2024.0,Daegwallyeong
FN,2024.0,47.0,Daegwallyeong
TP,47.0,63.0,Daegwallyeong
FN,2716.0,95.0,Daegwallyeong
TP,95.0,32.0,Daegwallyeong
TP,32.0,41.0,Daegwallyeong
TP,41.0,51.0,Daegwallyeong
TP,51.0,30.0,Daegwallyeong
TP,30.0,79.0,Daegwallyeong
FP,79.0,392.0,Daegwallyeong
FN,134.0,74.0,Daegwallyeong
FP,74.0,735.0,Daegwallyeong
FN,772.0,98.0,Daegwallyeong
FN,98.0,26.0,Daegwallyeong
FP,26.0,1821.0,Daegwallyeong
FN,314.0,18.0,Daegwallyeong
TP,18.0,13.0,Daegwallyeong
TP,13.0,13.0,Daegwallyeong
TP,13.0,16.0,Daegwallyeong
TP,16.0,18.0,Daegwallyeong
TP,18.0,15.0,Daegwallyeong
TP,15.0,20.0,Daegwallyeong
TP,20.0,15.0,Daegwallyeong
FP,15.0,107.0,Daegwallyeong
FN,198.0,18.0,Daegwallyeong
TP,18.0,25.0,Daegwallyeong
FP,25.0,541.0,Daegwallyeong
FN,541.0,78.0,Daegwallyeong
FP,78.0,387.0,Daegwallyeong
TP,387.0,80.0,Daegwallyeong
FP,80.0,225.0,Daegwallyeong
TP,225.0,26.0,Daegwallyeong
TP,26.0,79.0,Daegwallyeong
FP,79.0,930.0,Daegwallyeong
FN,334.0,27.0,Daegwallyeong
TP,27.0,24.0,Daegwallyeong
TP,24.0,26.0,Daegwallyeong
TP,26.0,17.0,Daegwallyeong
TP,17.0,29.0,Daegwallyeong
FP,29.0,248.0,Daegwallyeong
FP,137.0,136.0,Daegwallyeong
TP,136.0,85.0,Daegwallyeong
FP,85.0,252.0,Daegwallyeong
FN,578.0,39.0,Daegwallyeong
TP,39.0,55.0,Daegwallyeong
TP,55.0,92.0,Daegwallyeong
FP,92.0,157.0,Daegwallyeong
FP,157.0,725.0,Daegwallyeong
FN,909.0,29.0,Daegwallyeong
TP,29.0,29.0,Daegwallyeong
TP,29.0,28.0,Daegwallyeong
TP,28.0,25.0,Daegwallyeong
TP,25.0,22.0,Daegwallyeong
TP,22.0,35.0,Daegwallyeong
TP,35.0,43.0,Daegwallyeong
FP,43.0,1393.0,Daegwallyeong
FN,1393.0,78.0,Daegwallyeong
TP,78.0,98.0,Daegwallyeong
FP,98.0,392.0,Daegwallyeong
FN,459.0,18.0,Daegwallyeong
TP,18.0,17.0,Daegwallyeong
TP,17.0,17.0,Daegwallyeong
TP,17.0,18.0,Daegwallyeong
TP,18.0,23.0,Daegwallyeong
TP,23.0,14.0,Daegwallyeong
TP,14.0,23.0,Daegwallyeong
TP,23.0,25.0,Daegwallyeong
TP,25.0,34.0,Daegwallyeong
FP,34.0,4828.0,Daegwallyeong
FN,425.0,30.0,Daegwallyeong
FP,30.0,125.0,Daegwallyeong
FP,125.0,124.0,Daegwallyeong
FP,124.0,309.0,Daegwallyeong
FN,309.0,27.0,Daegwallyeong
FP,27.0,556.0,Daegwallyeong
FN,490.0,28.0,Daegwallyeong
FP,28.0,246.0,Daegwallyeong
TP,246.0,94.0,Daegwallyeong
TP,94.0,30.0,Daegwallyeong
TP,30.0,81.0,Daegwallyeong
FP,81.0,815.0,Daegwallyeong
FN,151.0,15.0,Daegwallyeong
TP,15.0,37.0,Daegwallyeong
FP,37.0,1308.0,Daegwallyeong
FN,283.0,11.0,Daegwallyeong
FP,11.0,754.0,Daegwallyeong
FN,245.0,40.0,Daegwallyeong
TP,40.0,42.0,Daegwallyeong
TP,42.0,58.0,Daegwallyeong
FP,58.0,110.0,Daegwallyeong
TP,110.0,93.0,Daegwallyeong
TP,93.0,25.0,Daegwallyeong
FP,25.0,169.0,Daegwallyeong
FN,169.0,66.0,Daegwallyeong
FP,66.0,258.0,Daegwallyeong
FN,180.0,58.0,Daegwallyeong
FP,58.0,152.0,Daegwallyeong
FN,152.0,56.0,Daegwallyeong
FP,56.0,136.0,Daegwallyeong
FP,105.0,147.0,Daegwallyeong
TP,147.0,84.0,Daegwallyeong
TP,84.0,46.0,Daegwallyeong
TP,46.0,65.0,Daegwallyeong
TP,65.0,70.0,Daegwallyeong
FP,70.0,140.0,Daegwallyeong
FP,140.0,218.0,Daegwallyeong
FN,625.0,38.0,Daegwallyeong
TP,38.0,19.0,Daegwallyeong
TP,19.0,22.0,Daegwallyeong
TP,22.0,27.0,Daegwallyeong
TP,27.0,14.0,Daegwallyeong
TP,14.0,15.0,Daegwallyeong
TP,15.0,20.0,Daegwallyeong
FP,20.0,770.0,Daegwallyeong
FN,492.0,27.0,Daegwallyeong
FP,27.0,580.0,Daegwallyeong
FN,206.0,82.0,Daegwallyeong
FP,82.0,104.0,Daegwallyeong
TP,104.0,22.0,Daegwallyeong
TP,22.0,12.0,Daegwallyeong
TP,12.0,15.0,Daegwallyeong
TP,15.0,20.0,Daegwallyeong
TP,20.0,26.0,Daegwallyeong
TP,26.0,37.0,Daegwallyeong
TP,37.0,31.0,Daegwallyeong
TP,31.0,16.0,Daegwallyeong
TP,16.0,30.0,Daegwallyeong
FP,30.0,415.0,Daegwallyeong
FN,170.0,56.0,Daegwallyeong
FN,299.0,76.0,Daegwallyeong
FN,76.0,81.0,Daegwallyeong
FP,81.0,1092.0,Daegwallyeong
FN,303.0,96.0,Daegwallyeong
TP,96.0,91.0,Daegwallyeong
TP,91.0,71.0,Daegwallyeong
TP,71.0,70.0,Daegwallyeong
TP,70.0,95.0,Daegwallyeong
FP,95.0,106.0,Daegwallyeong
FP,106.0,114.0,Daegwallyeong
TP,114.0,48.0,Daegwallyeong
TP,48.0,91.0,Daegwallyeong
TP,91.0,49.0,Daegwallyeong
TP,49.0,53.0,Daegwallyeong
TP,53.0,54.0,Daegwallyeong
TP,54.0,58.0,Daegwallyeong
TP,58.0,96.0,Daegwallyeong
FP,96.0,151.0,Daegwallyeong
FP,151.0,159.0,Daegwallyeong
FP,159.0,186.0,Daegwallyeong
FN,250.0,33.0,Daegwallyeong
FN,33.0,19.0,Daegwallyeong
TP,19.0,24.0,Daegwallyeong
TP,24.0,25.0,Daegwallyeong
TP,25.0,30.0,Daegwallyeong
TP,30.0,50.0,Daegwallyeong
FP,50.0,303.0,Daegwallyeong
FN,135.0,93.0,Daegwallyeong
TP,93.0,17.0,Daegwallyeong
TP,17.0,7.0,Daegwallyeong
TP,7.0,74.0,Daegwallyeong
FP,74.0,1457.0,Daegwallyeong
FN,901.0,50.0,Daegwallyeong
FN,421.0,29.0,Daegwallyeong
TP,29.0,4.0,Daegwallyeong
TP,4.0,4.0,Daegwallyeong
TP,4.0,15.0,Daegwallyeong
FN,108.0,68.0,Daegwallyeong
TP,68.0,61.0,Daegwallyeong
TP,61.0,40.0,Daegwallyeong
TP,40.0,35.0,Daegwallyeong
TP,35.0,69.0,Daegwallyeong
FP,69.0,116.0,Daegwallyeong
FP,116.0,107.0,Daegwallyeong
FP,107.0,135.0,Daegwallyeong
FN,135.0,26.0,Daegwallyeong
TP,26.0,60.0,Daegwallyeong
TP,60.0,99.0,Daegwallyeong
FP,99.0,121.0,Daegwallyeong
TP,110.0,84.0,Daegwallyeong
FP,84.0,183.0,Daegwallyeong
FN,445.0,16.0,Daegwallyeong
TP,16.0,10.0,Daegwallyeong
FP,10.0,480.0,Daegwallyeong
FN,328.0,65.0,Daegwallyeong
FN,65.0,39.0,Daegwallyeong
TP,39.0,64.0,Daegwallyeong
TP,64.0,98.0,Daegwallyeong
FP,98.0,193.0,Daegwallyeong
FN,387.0,62.0,Daegwallyeong
FP,62.0,775.0,Daegwallyeong
FN,775.0,32.0,Daegwallyeong
TP,32.0,34.0,Daegwallyeong
TP,34.0,41.0,Daegwallyeong
TP,41.0,25.0,Daegwallyeong
TP,25.0,36.0,Daegwallyeong
TP,36.0,34.0,Daegwallyeong
TP,34.0,41.0,Daegwallyeong
TP,41.0,79.0,Daegwallyeong
TP,79.0,21.0,Daegwallyeong
FP,21.0,251.0,Daegwallyeong
FN,1019.0,43.0,Daegwallyeong
FP,43.0,378.0,Daegwallyeong
FN,378.0,4.0,Daegwallyeong
FP,4.0,138.0,Daegwallyeong
FP,138.0,489.0,Daegwallyeong
FN,489.0,15.0,Daegwallyeong
FP,15.0,262.0,Daegwallyeong
TP,146.0,95.0,Daegwallyeong
FP,95.0,365.0,Daegwallyeong
FN,209.0,88.0,Daegwallyeong
FP,88.0,234.0,Daegwallyeong
FN,2568.0,11.0,Daegwallyeong
FP,11.0,187.0,Daegwallyeong
FN,1809.0,30.0,Daegwallyeong
FN,662.0,36.0,Daegwallyeong
FP,36.0,174.0,Daegwallyeong
TP,104.0,20.0,Daegwallyeong
TP,20.0,65.0,Daegwallyeong
FP,65.0,163.0,Daegwallyeong
TP,108.0,18.0,Daegwallyeong
TP,18.0,28.0,Daegwallyeong
FP,28.0,719.0,Daegwallyeong
TP,55.0,39.0,Daegwallyeong
TP,39.0,62.0,Daegwallyeong
FP,62.0,109.0,Daegwallyeong
FN,149.0,40.0,Daegwallyeong
TP,40.0,54.0,Daegwallyeong
TP,54.0,34.0,Daegwallyeong
TP,34.0,20.0,Daegwallyeong
TP,20.0,47.0,Daegwallyeong
TP,47.0,35.0,Daegwallyeong
TP,35.0,19.0,Daegwallyeong
TP,19.0,17.0,Daegwallyeong
FP,17.0,138.0,Daegwallyeong
FN,138.0,58.0,Daegwallyeong
FP,58.0,1605.0,Daegwallyeong
FN,1312.0,33.0,Daegwallyeong
TP,33.0,6.0,Daegwallyeong
TP,6.0,15.0,Daegwallyeong
FP,15.0,407.0,Daegwallyeong
FN,510.0,15.0,Daegwallyeong
FP,15.0,810.0,Daegwallyeong
FN,195.0,9.0,Daegwallyeong
FP,9.0,212.0,Daegwallyeong
FN,503.0,32.0,Daegwallyeong
FP,32.0,294.0,Daegwallyeong
FN,411.0,43.0,Daegwallyeong
FP,43.0,234.0,Daegwallyeong
FN,328.0,39.0,Daegwallyeong
FP,39.0,915.0,Daegwallyeong
FN,440.0,26.0,Daegwallyeong
TP,26.0,7.0,Daegwallyeong
TP,7.0,7.0,Daegwallyeong
FP,7.0,1244.0,Daegwallyeong
FN,741.0,71.0,Daegwallyeong
FP,71.0,512.0,Daegwallyeong
TP,166.0,29.0,Daegwallyeong
FP,29.0,460.0,Daegwallyeong
FP,460.0,2177.0,Daegwallyeong
FN,194.0,77.0,Daegwallyeong
FP,77.0,1275.0,Daegwallyeong
FP,270.0,168.0,Daegwallyeong
FN,502.0,67.0,Daegwallyeong
FP,67.0,110.0,Daegwallyeong
FP,110.0,849.0,Daegwallyeong
FN,953.0,35.0,Daegwallyeong
TP,35.0,17.0,Daegwallyeong
TP,17.0,50.0,Daegwallyeong
TP,50.0,10.0,Daegwallyeong
FP,10.0,269.0,Daegwallyeong
FP,269.0,128.0,Daegwallyeong
TP,128.0,62.0,Daegwallyeong
TP,62.0,34.0,Daegwallyeong
FP,34.0,1861.0,Daegwallyeong
FN,345.0,42.0,Daegwallyeong
FP,42.0,145.0,Daegwallyeong
FP,145.0,3788.0,Daegwallyeong
FN,734.0,21.0,Daegwallyeong
TP,21.0,26.0,Daegwallyeong
FN,26.0,27.0,Daegwallyeong
TP,27.0,44.0,Daegwallyeong
FN,1615.0,26.0,Daegwallyeong
TP,26.0,29.0,Daegwallyeong
TP,29.0,14.0,Daegwallyeong
TP,14.0,18.0,Daegwallyeong
FP,18.0,262.0,Daegwallyeong
FN,1517.0,18.0,Daegwallyeong
TP,18.0,96.0,Daegwallyeong
FP,96.0,966.0,Daegwallyeong
FN,1491.0,55.0,Daegwallyeong
TP,55.0,27.0,Daegwallyeong
FP,27.0,950.0,Daegwallyeong
FN,1093.0,15.0,Daegwallyeong
TP,15.0,17.0,Daegwallyeong
TP,17.0,15.0,Daegwallyeong
TP,15.0,18.0,Daegwallyeong
TP,18.0,15.0,Daegwallyeong
TP,15.0,19.0,Daegwallyeong
FP,19.0,188.0,Daegwallyeong
FN,219.0,13.0,Daegwallyeong
TP,13.0,45.0,Daegwallyeong
TP,45.0,94.0,Daegwallyeong
FN,607.0,83.0,Daegwallyeong
FN,651.0,71.0,Daegwallyeong
FN,175.0,83.0,Daegwallyeong
FN,83.0,10.0,Daegwallyeong
TP,10.0,51.0,Daegwallyeong
FP,51.0,110.0,Daegwallyeong
FN,2200.0,30.0,Daegwallyeong
FP,30.0,484.0,Daegwallyeong
FN,484.0,28.0,Daegwallyeong
TP,28.0,38.0,Daegwallyeong
TP,38.0,65.0,Daegwallyeong
FP,65.0,704.0,Daegwallyeong
FN,704.0,28.0,Daegwallyeong
FP,28.0,308.0,Daegwallyeong
FN,715.0,27.0,Daegwallyeong
TP,27.0,19.0,Daegwallyeong
FP,19.0,237.0,Daegwallyeong
FN,508.0,92.0,Daegwallyeong
FN,434.0,43.0,Daegwallyeong
TP,43.0,16.0,Daegwallyeong
TP,16.0,42.0,Daegwallyeong
TP,42.0,22.0,Daegwallyeong
TP,22.0,16.0,Daegwallyeong
TP,16.0,15.0,Daegwallyeong
TP,15.0,21.0,Daegwallyeong
FP,21.0,976.0,Daegwallyeong
FN,296.0,71.0,Daegwallyeong
FN,328.0,21.0,Daegwallyeong
TP,21.0,36.0,Daegwallyeong
FP,36.0,1162.0,Daegwallyeong
FN,605.0,42.0,Daegwallyeong
FP,42.0,233.0,Daegwallyeong
FN,2780.0,20.0,Daegwallyeong
TP,20.0,48.0,Daegwallyeong
FN,318.0,23.0,Daegwallyeong
TP,23.0,82.0,Daegwallyeong
FN,889.0,34.0,Daegwallyeong
TP,34.0,72.0,Daegwallyeong
TP,72.0,58.0,Daegwallyeong
FP,58.0,1669.0,Daegwallyeong
FN,1049.0,42.0,Daegwallyeong
TP,42.0,38.0,Daegwallyeong
TP,38.0,31.0,Daegwallyeong
TP,31.0,90.0,Daegwallyeong
FN,939.0,20.0,Daegwallyeong
FP,20.0,326.0,Daegwallyeong
FN,118.0,78.0,Daegwallyeong
FN,78.0,73.0,Daegwallyeong
FP,73.0,721.0,Daegwallyeong
FN,1184.0,68.0,Daegwallyeong
FP,68.0,2595.0,Daegwallyeong
FN,2595.0,25.0,Daegwallyeong
FP,25.0,1335.0,Daegwallyeong
FN,718.0,35.0,Daegwallyeong
FN,776.0,59.0,Daegwallyeong
FP,59.0,306.0,Daegwallyeong
FP,110.0,412.0,Daegwallyeong
FP,105.0,167.0,Daegwallyeong
FN,140.0,52.0,Daegwallyeong
TP,52.0,61.0,Daegwallyeong
FN,61.0,43.0,Daegwallyeong
FN,1128.0,33.0,Daegwallyeong
TP,33.0,19.0,Daegwallyeong
TP,19.0,17.0,Daegwallyeong
FP,17.0,1512.0,Daegwallyeong
FN,2732.0,66.0,Daegwallyeong
FN,436.0,71.0,Daegwallyeong
FP,71.0,1244.0,Daegwallyeong
FN,340.0,84.0,Daegwallyeong
FN,84.0,73.0,Daegwallyeong
TP,73.0,53.0,Daegwallyeong
FN,1091.0,31.0,Daegwallyeong
TP,31.0,28.0,Daegwallyeong
TP,28.0,19.0,Daegwallyeong
TP,19.0,23.0,Daegwallyeong
TP,23.0,28.0,Daegwallyeong
FP,28.0,5000.0,Daegwallyeong
FN,1182.0,38.0,Daegwallyeong
TP,38.0,34.0,Daegwallyeong
TP,34.0,24.0,Daegwallyeong
TP,24.0,16.0,Daegwallyeong
TP,16.0,18.0,Daegwallyeong
TP,18.0,12.0,Daegwallyeong
TP,12.0,15.0,Daegwallyeong
TP,15.0,16.0,Daegwallyeong
TP,16.0,18.0,Daegwallyeong
TP,18.0,18.0,Daegwallyeong
FP,18.0,170.0,Daegwallyeong
FN,179.0,65.0,Daegwallyeong
TP,65.0,23.0,Daegwallyeong
TP,23.0,24.0,Daegwallyeong
TP,24.0,31.0,Daegwallyeong
TP,31.0,93.0,Daegwallyeong
FN,736.0,14.0,Daegwallyeong
TP,14.0,10.0,Daegwallyeong
TP,10.0,20.0,Daegwallyeong
FP,20.0,1367.0,Daegwallyeong
FN,778.0,80.0,Daegwallyeong
FN,1055.0,100.0,Daegwallyeong
TP,100.0,56.0,Daegwallyeong
FP,56.0,204.0,Daegwallyeong
TP,112.0,48.0,Daegwallyeong
FP,48.0,253.0,Daegwallyeong
FP,158.0,170.0,Daegwallyeong
FP,102.0,101.0,Daegwallyeong
FN,899.0,21.0,Daegwallyeong
FP,21.0,905.0,Daegwallyeong
FN,169.0,35.0,Daegwallyeong
TP,35.0,35.0,Daegwallyeong
FP,35.0,1196.0,Daegwallyeong
FN,809.0,44.0,Daegwallyeong
FP,44.0,1929.0,Daegwallyeong
FN,4684.0,36.0,Daegwallyeong
TP,36.0,27.0,Daegwallyeong
TP,27.0,19.0,Daegwallyeong
TP,19.0,20.0,Daegwallyeong
TP,20.0,21.0,Daegwallyeong
TP,21.0,18.0,Daegwallyeong
TP,18.0,20.0,Daegwallyeong
TP,20.0,17.0,Daegwallyeong
TP,17.0,22.0,Daegwallyeong
FP,22.0,580.0,Daegwallyeong
FN,640.0,74.0,Daegwallyeong
TP,74.0,37.0,Daegwallyeong
FP,37.0,224.0,Daegwallyeong
TP,224.0,35.0,Daegwallyeong
TP,35.0,27.0,Daegwallyeong
TP,27.0,34.0,Daegwallyeong
TP,34.0,16.0,Daegwallyeong
FP,16.0,2878.0,Daegwallyeong
FN,442.0,29.0,Daegwallyeong
TP,29.0,18.0,Daegwallyeong
TP,18.0,20.0,Daegwallyeong
FP,20.0,460.0,Daegwallyeong
FN,344.0,19.0,Daegwallyeong
FP,19.0,4179.0,Daegwallyeong
TP,101.0,15.0,Daegwallyeong
TP,15.0,20.0,Daegwallyeong
TP,20.0,32.0,Daegwallyeong
TP,32.0,25.0,Daegwallyeong
TP,25.0,25.0,Daegwallyeong
FP,25.0,2185.0,Daegwallyeong
TP,112.0,32.0,Daegwallyeong
TP,32.0,19.0,Daegwallyeong
TP,19.0,25.0,Daegwallyeong
FP,25.0,306.0,Daegwallyeong
FN,1588.0,86.0,Daegwallyeong
TP,86.0,33.0,Daegwallyeong
TP,33.0,24.0,Daegwallyeong
TP,24.0,37.0,Daegwallyeong
TP,37.0,34.0,Daegwallyeong
TP,34.0,31.0,Daegwallyeong
TP,31.0,24.0,Daegwallyeong
TP,24.0,16.0,Daegwallyeong
TP,170.0,32.0,Daegwallyeong
FP,32.0,103.0,Daegwallyeong
TP,103.0,23.0,Daegwallyeong
TP,23.0,19.0,Daegwallyeong
TP,19.0,18.0,Daegwallyeong
TP,18.0,23.0,Daegwallyeong
TP,23.0,24.0,Daegwallyeong
TP,24.0,20.0,Daegwallyeong
TP,20.0,28.0,Daegwallyeong
FN,1141.0,57.0,Daegwallyeong
TP,57.0,45.0,Daegwallyeong
FP,45.0,124.0,Daegwallyeong
FP,124.0,481.0,Daegwallyeong
FN,538.0,12.0,Daegwallyeong
FP,12.0,536.0,Daegwallyeong
FN,1930.0,66.0,Daegwallyeong
FP,66.0,483.0,Daegwallyeong
TP,483.0,14.0,Daegwallyeong
TP,14.0,15.0,Daegwallyeong
TP,15.0,15.0,Daegwallyeong
TP,15.0,21.0,Daegwallyeong
TP,21.0,31.0,Daegwallyeong
FP,31.0,1906.0,Daegwallyeong
FN,1830.0,18.0,Daegwallyeong
TP,18.0,18.0,Daegwallyeong
TP,18.0,53.0,Daegwallyeong
FP,53.0,203.0,Daegwallyeong
TP,203.0,30.0,Daegwallyeong
TP,30.0,26.0,Daegwallyeong
TP,26.0,25.0,Daegwallyeong
TP,25.0,29.0,Daegwallyeong
TP,29.0,18.0,Daegwallyeong
TP,18.0,19.0,Daegwallyeong
TP,19.0,38.0,Daegwallyeong
FP,38.0,480.0,Daegwallyeong
FN,254.0,16.0,Daegwallyeong
TP,16.0,23.0,Daegwallyeong
TP,23.0,15.0,Daegwallyeong
FP,15.0,588.0,Daegwallyeong
FN,520.0,32.0,Daegwallyeong
TP,32.0,28.0,Daegwallyeong
FP,28.0,553.0,Daegwallyeong
TP,553.0,42.0,Daegwallyeong
TP,42.0,53.0,Daegwallyeong
FP,53.0,178.0,Daegwallyeong
FP,178.0,241.0,Daegwallyeong
FN,509.0,32.0,Daegwallyeong
TP,32.0,15.0,Daegwallyeong
TP,15.0,18.0,Daegwallyeong
TP,18.0,14.0,Daegwallyeong
FP,14.0,316.0,Daegwallyeong
FN,165.0,29.0,Daegwallyeong
TP,29.0,41.0,Daegwallyeong
TP,41.0,33.0,Daegwallyeong
TP,33.0,33.0,Daegwallyeong
TP,33.0,31.0,Daegwallyeong
TP,31.0,37.0,Daegwallyeong
TP,37.0,29.0,Daegwallyeong
TP,29.0,22.0,Daegwallyeong
TP,22.0,29.0,Daegwallyeong
TP,29.0,62.0,Daegwallyeong
FN,388.0,14.0,Daegwallyeong
TP,14.0,76.0,Daegwallyeong
FP,76.0,654.0,Daegwallyeong
FP,147.0,279.0,Daegwallyeong
FP,159.0,1187.0,Daegwallyeong
FN,3585.0,66.0,Daegwallyeong
FP,66.0,2557.0,Daegwallyeong
FN,1016.0,22.0,Daegwallyeong
TP,22.0,20.0,Daegwallyeong
TP,20.0,40.0,Daegwallyeong
TP,40.0,17.0,Daegwallyeong
TP,17.0,87.0,Daegwallyeong
TP,87.0,86.0,Daegwallyeong
FP,86.0,1534.0,Daegwallyeong
FN,634.0,17.0,Daegwallyeong
TP,17.0,14.0,Daegwallyeong
TP,14.0,42.0,Daegwallyeong
FP,42.0,644.0,Daegwallyeong
FN,644.0,25.0,Daegwallyeong
TP,25.0,87.0,Daegwallyeong
TP,87.0,53.0,Daegwallyeong
FP,53.0,129.0,Daegwallyeong
FP,129.0,431.0,Daegwallyeong
TP,128.0,27.0,Daegwallyeong
TP,27.0,76.0,Daegwallyeong
TP,76.0,10.0,Daegwallyeong
FP,10.0,446.0,Daegwallyeong
FN,861.0,19.0,Daegwallyeong
TP,19.0,27.0,Daegwallyeong
TP,27.0,18.0,Daegwallyeong
TP,18.0,23.0,Daegwallyeong
TP,23.0,21.0,Daegwallyeong
TP,21.0,29.0,Daegwallyeong
TP,29.0,65.0,Daegwallyeong
FP,65.0,4146.0,Daegwallyeong
FN,262.0,19.0,Daegwallyeong
TP,19.0,18.0,Daegwallyeong
FP,18.0,119.0,Daegwallyeong
TP,119.0,42.0,Daegwallyeong
TP,42.0,17.0,Daegwallyeong
TP,17.0,15.0,Daegwallyeong
TP,15.0,14.0,Daegwallyeong
TP,14.0,17.0,Daegwallyeong
TP,17.0,19.0,Daegwallyeong
TP,19.0,15.0,Daegwallyeong
TP,15.0,17.0,Daegwallyeong
TP,17.0,32.0,Daegwallyeong
FP,32.0,2288.0,Daegwallyeong
FN,954.0,33.0,Daegwallyeong
FP,33.0,681.0,Daegwallyeong
FP,681.0,779.0,Daegwallyeong
FN,1133.0,14.0,Daegwallyeong
TP,14.0,14.0,Daegwallyeong
TP,14.0,14.0,Daegwallyeong
TP,14.0,16.0,Daegwallyeong
TP,16.0,16.0,Daegwallyeong
TP,16.0,12.0,Daegwallyeong
TP,12.0,17.0,Daegwallyeong
TP,17.0,28.0,Daegwallyeong
TP,28.0,35.0,Daegwallyeong
TP,35.0,23.0,Daegwallyeong
TP,23.0,15.0,Daegwallyeong
TP,15.0,27.0,Daegwallyeong
FP,27.0,4235.0,Daegwallyeong
FN,388.0,14.0,Daegwallyeong
TP,14.0,17.0,Daegwallyeong
TP,17.0,33.0,Daegwallyeong
TP,33.0,39.0,Daegwallyeong
FP,39.0,520.0,Daegwallyeong
FP,104.0,434.0,Daegwallyeong
FN,434.0,63.0,Daegwallyeong
TP,63.0,30.0,Daegwallyeong
TP,30.0,19.0,Daegwallyeong
TP,19.0,20.0,Daegwallyeong
TP,20.0,20.0,Daegwallyeong
TP,20.0,31.0,Daegwallyeong
FP,31.0,269.0,Daegwallyeong
FP,269.0,655.0,Daegwallyeong
FP,114.0,314.0,Daegwallyeong
FN,1209.0,21.0,Daegwallyeong
TP,21.0,19.0,Daegwallyeong
FP,19.0,185.0,Daegwallyeong
FP,185.0,794.0,Daegwallyeong
FN,2862.0,23.0,Daegwallyeong
FN,23.0,24.0,Daegwallyeong
FP,24.0,118.0,Daegwallyeong
TP,118.0,95.0,Daegwallyeong
FP,95.0,2198.0,Daegwallyeong
FN,133.0,83.0,Daegwallyeong
TP,83.0,46.0,Daegwallyeong
TP,46.0,57.0,Daegwallyeong
FP,57.0,1105.0,Daegwallyeong
FN,1105.0,91.0,Daegwallyeong
FN,101.0,100.0,Daegwallyeong
TP,100.0,79.0,Daegwallyeong
FP,79.0,387.0,Daegwallyeong
FN,152.0,63.0,Daegwallyeong
FN,63.0,67.0,Daegwallyeong
FN,67.0,61.0,Daegwallyeong
FN,438.0,35.0,Daegwallyeong
FN,35.0,74.0,Daegwallyeong
FP,74.0,5000.0,Daegwallyeong
FN,127.0,86.0,Daegwallyeong
FN,1192.0,45.0,Daegwallyeong
FN,45.0,40.0,Daegwallyeong
FP,40.0,273.0,Daegwallyeong
FN,188.0,49.0,Baengnyeongdo
TP,49.0,73.0,Baengnyeongdo
FP,73.0,196.0,Baengnyeongdo
FN,196.0,73.0,Baengnyeongdo
TP,73.0,59.0,Baengnyeongdo
FP,59.0,3367.0,Baengnyeongdo
FN,130.0,84.0,Baengnyeongdo
FN,200.0,87.0,Baengnyeongdo
FN,87.0,75.0,Baengnyeongdo
FP,75.0,244.0,Baengnyeongdo
FN,362.0,93.0,Baengnyeongdo
FN,210.0,55.0,Baengnyeongdo
FN,145.0,34.0,Baengnyeongdo
TP,34.0,27.0,Baengnyeongdo
TP,27.0,80.0,Baengnyeongdo
FP,80.0,435.0,Baengnyeongdo
FN,210.0,56.0,Baengnyeongdo
FN,182.0,69.0,Baengnyeongdo
FP,69.0,1127.0,Baengnyeongdo
FN,360.0,34.0,Baengnyeongdo
TP,34.0,90.0,Baengnyeongdo
FP,90.0,511.0,Baengnyeongdo
FN,693.0,65.0,Baengnyeongdo
TP,65.0,40.0,Baengnyeongdo
TP,40.0,41.0,Baengnyeongdo
TP,41.0,42.0,Baengnyeongdo
TP,42.0,42.0,Baengnyeongdo
TP,42.0,47.0,Baengnyeongdo
TP,47.0,62.0,Baengnyeongdo
FP,62.0,440.0,Baengnyeongdo
FN,815.0,98.0,Baengnyeongdo
FN,98.0,33.0,Baengnyeongdo
TP,33.0,78.0,Baengnyeongdo
TP,78.0,62.0,Baengnyeongdo
TP,62.0,45.0,Baengnyeongdo
TP,45.0,32.0,Baengnyeongdo
TP,32.0,43.0,Baengnyeongdo
TP,43.0,40.0,Baengnyeongdo
TP,40.0,38.0,Baengnyeongdo
TP,38.0,37.0,Baengnyeongdo
TP,37.0,44.0,Baengnyeongdo
TP,44.0,42.0,Baengnyeongdo
TP,42.0,49.0,Baengnyeongdo
TP,49.0,49.0,Baengnyeongdo
TP,49.0,56.0,Baengnyeongdo
TP,56.0,90.0,Baengnyeongdo
FN,271.0,99.0,Baengnyeongdo
FN,99.0,39.0,Baengnyeongdo
TP,39.0,58.0,Baengnyeongdo
FP,58.0,168.0,Baengnyeongdo
FN,741.0,60.0,Baengnyeongdo
TP,60.0,31.0,Baengnyeongdo
TP,31.0,22.0,Baengnyeongdo
TP,22.0,22.0,Baengnyeongdo
TP,22.0,23.0,Baengnyeongdo
TP,23.0,20.0,Baengnyeongdo
TP,20.0,17.0,Baengnyeongdo
TP,17.0,19.0,Baengnyeongdo
TP,19.0,16.0,Baengnyeongdo
TP,16.0,16.0,Baengnyeongdo
TP,16.0,15.0,Baengnyeongdo
TP,15.0,20.0,Baengnyeongdo
FP,20.0,141.0,Baengnyeongdo
TP,141.0,84.0,Baengnyeongdo
TP,84.0,22.0,Baengnyeongdo
TP,22.0,22.0,Baengnyeongdo
FP,22.0,161.0,Baengnyeongdo
FN,519.0,57.0,Baengnyeongdo
TP,57.0,51.0,Baengnyeongdo
TP,51.0,33.0,Baengnyeongdo
TP,33.0,44.0,Baengnyeongdo
TP,44.0,35.0,Baengnyeongdo
TP,35.0,30.0,Baengnyeongdo
TP,30.0,21.0,Baengnyeongdo
TP,21.0,17.0,Baengnyeongdo
TP,17.0,18.0,Baengnyeongdo
TP,18.0,17.0,Baengnyeongdo
TP,17.0,23.0,Baengnyeongdo
FP,23.0,142.0,Baengnyeongdo
FN,150.0,47.0,Baengnyeongdo
TP,47.0,27.0,Baengnyeongdo
TP,27.0,21.0,Baengnyeongdo
TP,21.0,22.0,Baengnyeongdo
TP,22.0,22.0,Baengnyeongdo
TP,22.0,57.0,Baengnyeongdo
TP,57.0,64.0,Baengnyeongdo
TP,64.0,71.0,Baengnyeongdo
TP,71.0,99.0,Baengnyeongdo
TP,99.0,95.0,Baengnyeongdo
FP,95.0,237.0,Baengnyeongdo
FN,204.0,68.0,Baengnyeongdo
TP,68.0,36.0,Baengnyeongdo
TP,36.0,26.0,Baengnyeongdo
TP,26.0,27.0,Baengnyeongdo
TP,27.0,26.0,Baengnyeongdo
TP,26.0,21.0,Baengnyeongdo
TP,21.0,18.0,Baengnyeongdo
TP,18.0,17.0,Baengnyeongdo
FP,17.0,125.0,Baengnyeongdo
FP,125.0,141.0,Baengnyeongdo
FP,141.0,131.0,Baengnyeongdo
FN,184.0,44.0,Baengnyeongdo
TP,44.0,12.0,Baengnyeongdo
TP,12.0,90.0,Baengnyeongdo
FP,90.0,306.0,Baengnyeongdo
FN,523.0,45.0,Baengnyeongdo
TP,45.0,8.0,Baengnyeongdo
TP,8.0,15.0,Baengnyeongdo
TP,15.0,12.0,Baengnyeongdo
TP,12.0,11.0,Baengnyeongdo
TP,11.0,8.0,Baengnyeongdo
TP,8.0,9.0,Baengnyeongdo
TP,9.0,9.0,Baengnyeongdo
TP,9.0,19.0,Baengnyeongdo
FP,19.0,114.0,Baengnyeongdo
FN,298.0,21.0,Baengnyeongdo
TP,21.0,11.0,Baengnyeongdo
TP,11.0,11.0,Baengnyeongdo
TP,11.0,8.0,Baengnyeongdo
TP,8.0,6.0,Baengnyeongdo
TP,6.0,8.0,Baengnyeongdo
TP,8.0,8.0,Baengnyeongdo
TP,8.0,8.0,Baengnyeongdo
TP,8.0,9.0,Baengnyeongdo
TP,9.0,9.0,Baengnyeongdo
TP,9.0,8.0,Baengnyeongdo
TP,8.0,9.0,Baengnyeongdo
TP,9.0,12.0,Baengnyeongdo
TP,12.0,86.0,Baengnyeongdo
FN,349.0,12.0,Baengnyeongdo
TP,12.0,9.0,Baengnyeongdo
TP,9.0,25.0,Baengnyeongdo
TP,25.0,15.0,Baengnyeongdo
TP,15.0,19.0,Baengnyeongdo
TP,19.0,19.0,Baengnyeongdo
TP,19.0,18.0,Baengnyeongdo
TP,18.0,19.0,Baengnyeongdo
TP,19.0,22.0,Baengnyeongdo
TP,22.0,22.0,Baengnyeongdo
TP,22.0,37.0,Baengnyeongdo
TP,37.0,90.0,Baengnyeongdo
FN,497.0,91.0,Baengnyeongdo
TP,91.0,40.0,Baengnyeongdo
TP,40.0,40.0,Baengnyeongdo
TP,40.0,34.0,Baengnyeongdo
TP,34.0,26.0,Baengnyeongdo
TP,26.0,22.0,Baengnyeongdo
TP,22.0,34.0,Baengnyeongdo
TP,34.0,27.0,Baengnyeongdo
TP,27.0,22.0,Baengnyeongdo
TP,22.0,22.0,Baengnyeongdo
TP,22.0,21.0,Baengnyeongdo
TP,21.0,23.0,Baengnyeongdo
TP,23.0,32.0,Baengnyeongdo
TP,32.0,51.0,Baengnyeongdo
FN,1489.0,67.0,Baengnyeongdo
TP,67.0,46.0,Baengnyeongdo
TP,46.0,21.0,Baengnyeongdo
TP,21.0,18.0,Baengnyeongdo
TP,18.0,56.0,Baengnyeongdo
FP,56.0,192.0,Baengnyeongdo
FN,222.0,77.0,Baengnyeongdo
TP,77.0,72.0,Baengnyeongdo
TP,72.0,38.0,Baengnyeongdo
TP,38.0,19.0,Baengnyeongdo
TP,19.0,90.0,Baengnyeongdo
FP,90.0,164.0,Baengnyeongdo
FP,164.0,227.0,Baengnyeongdo
FN,514.0,55.0,Baengnyeongdo
TP,55.0,25.0,Baengnyeongdo
TP,25.0,89.0,Baengnyeongdo
FP,89.0,104.0,Baengnyeongdo
FP,104.0,134.0,Baengnyeongdo
FN,247.0,36.0,Baengnyeongdo
TP,36.0,27.0,Baengnyeongdo
TP,27.0,42.0,Baengnyeongdo
TP,42.0,32.0,Baengnyeongdo
TP,32.0,40.0,Baengnyeongdo
FP,40.0,2734.0,Baengnyeongdo
FN,2734.0,69.0,Baengnyeongdo
FP,275.0,1045.0,Baengnyeongdo
TP,149.0,25.0,Baengnyeongdo
TP,25.0,67.0,Baengnyeongdo
FP,67.0,680.0,Baengnyeongdo
FN,275.0,48.0,Baengnyeongdo
TP,48.0,42.0,Baengnyeongdo
TP,42.0,42.0,Baengnyeongdo
TP,42.0,37.0,Baengnyeongdo
TP,37.0,30.0,Baengnyeongdo
TP,30.0,59.0,Baengnyeongdo
FP,59.0,403.0,Baengnyeongdo
FN,597.0,63.0,Baengnyeongdo
TP,63.0,33.0,Baengnyeongdo
TP,33.0,45.0,Baengnyeongdo
TP,45.0,49.0,Baengnyeongdo
TP,49.0,25.0,Baengnyeongdo
FP,25.0,482.0,Baengnyeongdo
TP,138.0,18.0,Baengnyeongdo
TP,18.0,44.0,Baengnyeongdo
TP,44.0,48.0,Baengnyeongdo
TP,48.0,60.0,Baengnyeongdo
FP,60.0,134.0,Baengnyeongdo
FP,134.0,164.0,Baengnyeongdo
FP,120.0,125.0,Baengnyeongdo
FP,125.0,405.0,Baengnyeongdo
TP,163.0,38.0,Baengnyeongdo
TP,38.0,86.0,Baengnyeongdo
TP,86.0,78.0,Baengnyeongdo
FP,78.0,572.0,Baengnyeongdo
TP,272.0,32.0,Baengnyeongdo
TP,32.0,40.0,Baengnyeongdo
TP,40.0,45.0,Baengnyeongdo
TP,45.0,37.0,Baengnyeongdo
TP,37.0,32.0,Baengnyeongdo
TP,32.0,27.0,Baengnyeongdo
TP,27.0,44.0,Baengnyeongdo
TP,44.0,45.0,Baengnyeongdo
FP,45.0,115.0,Baengnyeongdo
FP,115.0,1349.0,Baengnyeongdo
FN,319.0,59.0,Baengnyeongdo
TP,59.0,31.0,Baengnyeongdo
TP,31.0,27.0,Baengnyeongdo
FP,27.0,344.0,Baengnyeongdo
FP,109.0,665.0,Baengnyeongdo
FN,581.0,78.0,Baengnyeongdo
TP,78.0,33.0,Baengnyeongdo
TP,33.0,48.0,Baengnyeongdo
TP,48.0,44.0,Baengnyeongdo
TP,44.0,34.0,Baengnyeongdo
TP,34.0,35.0,Baengnyeongdo
TP,35.0,23.0,Baengnyeongdo
TP,23.0,21.0,Baengnyeongdo
TP,21.0,49.0,Baengnyeongdo
TP,49.0,21.0,Baengnyeongdo
TP,21.0,22.0,Baengnyeongdo
TP,22.0,21.0,Baengnyeongdo
TP,21.0,96.0,Baengnyeongdo
TP,96.0,54.0,Baengnyeongdo
TP,54.0,69.0,Baengnyeongdo
FN,69.0,54.0,Baengnyeongdo
FP,54.0,874.0,Baengnyeongdo
FP,162.0,213.0,Baengnyeongdo
FN,442.0,82.0,Baengnyeongdo
TP,82.0,37.0,Baengnyeongdo
TP,37.0,40.0,Baengnyeongdo
TP,40.0,39.0,Baengnyeongdo
TP,39.0,46.0,Baengnyeongdo
TP,46.0,93.0,Baengnyeongdo
FN,449.0,44.0,Baengnyeongdo
TP,44.0,24.0,Baengnyeongdo
TP,24.0,21.0,Baengnyeongdo
TP,21.0,24.0,Baengnyeongdo
TP,24.0,20.0,Baengnyeongdo
TP,20.0,23.0,Baengnyeongdo
TP,23.0,25.0,Baengnyeongdo
TP,25.0,24.0,Baengnyeongdo
TP,24.0,18.0,Baengnyeongdo
FP,18.0,315.0,Baengnyeongdo
FN,1218.0,20.0,Baengnyeongdo
FP,20.0,101.0,Baengnyeongdo
FP,101.0,875.0,Baengnyeongdo
FN,875.0,31.0,Baengnyeongdo
FP,31.0,1320.0,Baengnyeongdo
FN,464.0,24.0,Baengnyeongdo
FP,24.0,494.0,Baengnyeongdo
FN,494.0,49.0,Baengnyeongdo
TP,49.0,28.0,Baengnyeongdo
TP,28.0,38.0,Baengnyeongdo
TP,38.0,63.0,Baengnyeongdo
FP,63.0,188.0,Baengnyeongdo
FP,118.0,181.0,Baengnyeongdo
FP,153.0,179.0,Baengnyeongdo
FP,119.0,687.0,Baengnyeongdo
FN,1025.0,55.0,Baengnyeongdo
TP,55.0,69.0,Baengnyeongdo
TP,69.0,22.0,Baengnyeongdo
TP,22.0,37.0,Baengnyeongdo
TP,37.0,33.0,Baengnyeongdo
TP,33.0,31.0,Baengnyeongdo
TP,31.0,23.0,Baengnyeongdo
TP,23.0,25.0,Baengnyeongdo
TP,25.0,27.0,Baengnyeongdo
TP,27.0,21.0,Baengnyeongdo
TP,21.0,20.0,Baengnyeongdo
FP,20.0,177.0,Baengnyeongdo
FN,1177.0,67.0,Baengnyeongdo
FP,67.0,172.0,Baengnyeongdo
FP,172.0,625.0,Baengnyeongdo
FN,804.0,27.0,Baengnyeongdo
TP,27.0,55.0,Baengnyeongdo
FP,55.0,334.0,Baengnyeongdo
FN,334.0,73.0,Baengnyeongdo
FP,73.0,471.0,Baengnyeongdo
FN,787.0,60.0,Baengnyeongdo
FP,60.0,287.0,Baengnyeongdo
FP,148.0,171.0,Baengnyeongdo
FP,113.0,238.0,Baengnyeongdo
FP,238.0,123.0,Baengnyeongdo
TP,123.0,89.0,Baengnyeongdo
TP,89.0,73.0,Baengnyeongdo
TP,73.0,14.0,Baengnyeongdo
TP,14.0,36.0,Baengnyeongdo
TP,36.0,84.0,Baengnyeongdo
TP,84.0,30.0,Baengnyeongdo
TP,30.0,18.0,Baengnyeongdo
TP,18.0,17.0,Baengnyeongdo
TP,17.0,15.0,Baengnyeongdo
TP,15.0,18.0,Baengnyeongdo
TP,18.0,32.0,Baengnyeongdo
TP,32.0,58.0,Baengnyeongdo
FP,58.0,437.0,Baengnyeongdo
FN,177.0,93.0,Baengnyeongdo
FP,93.0,1293.0,Baengnyeongdo
FP,168.0,139.0,Baengnyeongdo
TP,139.0,37.0,Baengnyeongdo
FP,37.0,381.0,Baengnyeongdo
FN,205.0,92.0,Baengnyeongdo
TP,92.0,47.0,Baengnyeongdo
FP,47.0,216.0,Baengnyeongdo
TP,120.0,12.0,Baengnyeongdo
TP,12.0,12.0,Baengnyeongdo
TP,12.0,11.0,Baengnyeongdo
TP,11.0,13.0,Baengnyeongdo
TP,13.0,26.0,Baengnyeongdo
TP,26.0,21.0,Baengnyeongdo
FN,373.0,16.0,Baengnyeongdo
TP,16.0,17.0,Baengnyeongdo
TP,17.0,25.0,Baengnyeongdo
FP,25.0,294.0,Baengnyeongdo
FN,1136.0,53.0,Baengnyeongdo
TP,53.0,34.0,Baengnyeongdo
TP,34.0,57.0,Baengnyeongdo
TP,57.0,76.0,Baengnyeongdo
FP,76.0,308.0,Baengnyeongdo
FN,218.0,33.0,Baengnyeongdo
TP,33.0,25.0,Baengnyeongdo
TP,25.0,27.0,Baengnyeongdo
TP,27.0,21.0,Baengnyeongdo
TP,21.0,28.0,Baengnyeongdo
FP,28.0,134.0,Baengnyeongdo
FP,134.0,559.0,Baengnyeongdo
FN,429.0,11.0,Baengnyeongdo
TP,11.0,13.0,Baengnyeongdo
FP,13.0,186.0,Baengnyeongdo
FP,186.0,382.0,Baengnyeongdo
FN,862.0,15.0,Baengnyeongdo
TP,15.0,65.0,Baengnyeongdo
FP,65.0,1113.0,Baengnyeongdo
FP,196.0,176.0,Baengnyeongdo
FP,176.0,110.0,Baengnyeongdo
TP,110.0,32.0,Baengnyeongdo
TP,32.0,36.0,Baengnyeongdo
TP,36.0,24.0,Baengnyeongdo
TP,24.0,30.0,Baengnyeongdo
TP,30.0,33.0,Baengnyeongdo
FP,33.0,244.0,Baengnyeongdo
TP,244.0,57.0,Baengnyeongdo
TP,57.0,33.0,Baengnyeongdo
FP,33.0,179.0,Baengnyeongdo
FP,179.0,425.0,Baengnyeongdo
FN,456.0,74.0,Baengnyeongdo
FP,74.0,438.0,Baengnyeongdo
FN,996.0,71.0,Baengnyeongdo
FP,71.0,385.0,Baengnyeongdo
FN,418.0,27.0,Baengnyeongdo
TP,27.0,16.0,Baengnyeongdo
TP,16.0,27.0,Baengnyeongdo
TP,27.0,27.0,Baengnyeongdo
TP,27.0,16.0,Baengnyeongdo
TP,16.0,18.0,Baengnyeongdo
TP,18.0,60.0,Baengnyeongdo
FP,60.0,540.0,Baengnyeongdo
FN,215.0,61.0,Baengnyeongdo
FP,61.0,395.0,Baengnyeongdo
FN,395.0,86.0,Baengnyeongdo
TP,86.0,31.0,Baengnyeongdo
TP,31.0,44.0,Baengnyeongdo
FP,44.0,1279.0,Baengnyeongdo
FP,209.0,1695.0,Baengnyeongdo
FN,419.0,36.0,Baengnyeongdo
TP,36.0,27.0,Baengnyeongdo
TP,27.0,18.0,Baengnyeongdo
TP,18.0,15.0,Baengnyeongdo
TP,15.0,23.0,Baengnyeongdo
TP,23.0,49.0,Baengnyeongdo
TP,49.0,40.0,Baengnyeongdo
TP,40.0,51.0,Baengnyeongdo
FP,51.0,204.0,Baengnyeongdo
FN,869.0,45.0,Baengnyeongdo
TP,45.0,30.0,Baengnyeongdo
TP,30.0,29.0,Baengnyeongdo
TP,29.0,28.0,Baengnyeongdo
TP,28.0,26.0,Baengnyeongdo
TP,26.0,30.0,Baengnyeongdo
TP,30.0,20.0,Baengnyeongdo
TP,20.0,25.0,Baengnyeongdo
TP,25.0,32.0,Baengnyeongdo
FP,32.0,119.0,Baengnyeongdo
FP,119.0,239.0,Baengnyeongdo
FN,872.0,90.0,Baengnyeongdo
TP,90.0,52.0,Baengnyeongdo
TP,52.0,46.0,Baengnyeongdo
TP,46.0,34.0,Baengnyeongdo
TP,34.0,34.0,Baengnyeongdo
TP,34.0,32.0,Baengnyeongdo
TP,32.0,64.0,Baengnyeongdo
TP,64.0,43.0,Baengnyeongdo
FP,43.0,682.0,Baengnyeongdo
TP,113.0,33.0,Baengnyeongdo
TP,33.0,27.0,Baengnyeongdo
TP,27.0,36.0,Baengnyeongdo
TP,36.0,40.0,Baengnyeongdo
TP,40.0,53.0,Baengnyeongdo
TP,53.0,44.0,Baengnyeongdo
TP,44.0,91.0,Baengnyeongdo
FP,125.0,340.0,Baengnyeongdo
FN,425.0,52.0,Baengnyeongdo
FP,52.0,465.0,Baengnyeongdo
FP,120.0,467.0,Baengnyeongdo
FN,467.0,79.0,Baengnyeongdo
TP,79.0,92.0,Baengnyeongdo
FP,92.0,204.0,Baengnyeongdo
FP,204.0,225.0,Baengnyeongdo
TP,208.0,74.0,Baengnyeongdo
TP,74.0,42.0,Baengnyeongdo
TP,42.0,39.0,Baengnyeongdo
TP,39.0,66.0,Baengnyeongdo
TP,66.0,92.0,Baengnyeongdo
TP,92.0,59.0,Baengnyeongdo
FP,59.0,143.0,Baengnyeongdo
FP,143.0,186.0,Baengnyeongdo
FN,131.0,92.0,Baengnyeongdo
FP,92.0,267.0,Baengnyeongdo
FN,200.0,32.0,Baengnyeongdo
TP,32.0,47.0,Baengnyeongdo
TP,47.0,40.0,Baengnyeongdo
FP,40.0,237.0,Baengnyeongdo
TP,237.0,58.0,Baengnyeongdo
TP,58.0,71.0,Baengnyeongdo
FP,71.0,453.0,Baengnyeongdo
FN,1141.0,92.0,Baengnyeongdo
TP,92.0,51.0,Baengnyeongdo
TP,51.0,57.0,Baengnyeongdo
TP,57.0,26.0,Baengnyeongdo
TP,26.0,24.0,Baengnyeongdo
TP,24.0,24.0,Baengnyeongdo
TP,24.0,27.0,Baengnyeongdo
TP,27.0,21.0,Baengnyeongdo
TP,21.0,17.0,Baengnyeongdo
TP,17.0,19.0,Baengnyeongdo
TP,19.0,22.0,Baengnyeongdo
TP,22.0,22.0,Baengnyeongdo
TP,22.0,13.0,Baengnyeongdo
TP,13.0,18.0,Baengnyeongdo
FP,18.0,154.0,Baengnyeongdo
FP,134.0,205.0,Baengnyeongdo
FN,220.0,92.0,Baengnyeongdo
TP,92.0,78.0,Baengnyeongdo
TP,78.0,35.0,Baengnyeongdo
TP,35.0,25.0,Baengnyeongdo
TP,25.0,27.0,Baengnyeongdo
TP,27.0,32.0,Baengnyeongdo
FP,32.0,280.0,Baengnyeongdo
FN,571.0,91.0,Baengnyeongdo
TP,91.0,51.0,Baengnyeongdo
FP,51.0,1224.0,Baengnyeongdo
TP,175.0,52.0,Baengnyeongdo
TP,52.0,39.0,Baengnyeongdo
TP,39.0,23.0,Baengnyeongdo
FP,23.0,538.0,Baengnyeongdo
FN,414.0,54.0,Baengnyeongdo
TP,54.0,75.0,Baengnyeongdo
TP,75.0,51.0,Baengnyeongdo
TP,51.0,27.0,Baengnyeongdo
TP,27.0,22.0,Baengnyeongdo
TP,22.0,41.0,Baengnyeongdo
TP,41.0,39.0,Baengnyeongdo
TP,39.0,26.0,Baengnyeongdo
TP,26.0,27.0,Baengnyeongdo
TP,27.0,42.0,Baengnyeongdo
FP,42.0,257.0,Baengnyeongdo
FP,108.0,254.0,Baengnyeongdo
FP,122.0,136.0,Baengnyeongdo
FP,136.0,344.0,Baengnyeongdo
FP,148.0,194.0,Baengnyeongdo
FP,194.0,158.0,Baengnyeongdo
FP,158.0,307.0,Baengnyeongdo
FN,307.0,80.0,Baengnyeongdo
FP,80.0,217.0,Baengnyeongdo
FP,146.0,105.0,Baengnyeongdo
TP,105.0,76.0,Baengnyeongdo
TP,76.0,32.0,Baengnyeongdo
FP,32.0,164.0,Baengnyeongdo
TP,164.0,76.0,Baengnyeongdo
TP,76.0,64.0,Baengnyeongdo
TP,64.0,83.0,Baengnyeongdo
FP,83.0,106.0,Baengnyeongdo
FP,106.0,152.0,Baengnyeongdo
FN,487.0,34.0,Baengnyeongdo
TP,34.0,21.0,Baengnyeongdo
TP,21.0,45.0,Baengnyeongdo
TP,45.0,36.0,Baengnyeongdo
FP,36.0,165.0,Baengnyeongdo
FP,165.0,520.0,Baengnyeongdo
FN,142.0,89.0,Baengnyeongdo
FP,89.0,349.0,Baengnyeongdo
TP,148.0,23.0,Baengnyeongdo
TP,23.0,27.0,Baengnyeongdo
TP,27.0,70.0,Baengnyeongdo
FP,70.0,130.0,Baengnyeongdo
TP,130.0,45.0,Baengnyeongdo
TP,45.0,30.0,Baengnyeongdo
TP,30.0,82.0,Baengnyeongdo
FP,82.0,253.0,Baengnyeongdo
FP,253.0,353.0,Baengnyeongdo
FN,145.0,42.0,Baengnyeongdo
TP,42.0,37.0,Baengnyeongdo
TP,37.0,52.0,Baengnyeongdo
FP,109.0,1325.0,Baengnyeongdo
FN,130.0,30.0,Baengnyeongdo
FP,30.0,266.0,Baengnyeongdo
FN,266.0,20.0,Baengnyeongdo
TP,20.0,14.0,Baengnyeongdo
TP,14.0,16.0,Baengnyeongdo
TP,16.0,32.0,Baengnyeongdo
FP,32.0,172.0,Baengnyeongdo
FN,184.0,72.0,Baengnyeongdo
TP,72.0,80.0,Baengnyeongdo
TP,80.0,38.0,Baengnyeongdo
FN,157.0,27.0,Baengnyeongdo
TP,27.0,25.0,Baengnyeongdo
TP,25.0,42.0,Baengnyeongdo
FP,42.0,837.0,Baengnyeongdo
FN,162.0,35.0,Baengnyeongdo
FP,35.0,265.0,Baengnyeongdo
FN,262.0,47.0,Baengnyeongdo
FP,47.0,159.0,Baengnyeongdo
FP,159.0,428.0,Baengnyeongdo
FN,214.0,83.0,Baengnyeongdo
TP,83.0,59.0,Baengnyeongdo
TP,59.0,97.0,Baengnyeongdo
FP,192.0,299.0,Baengnyeongdo
FP,101.0,646.0,Baengnyeongdo
TP,109.0,62.0,Baengnyeongdo
FP,62.0,277.0,Baengnyeongdo
FN,123.0,90.0,Baengnyeongdo
TP,90.0,90.0,Baengnyeongdo
TP,90.0,40.0,Baengnyeongdo
TP,40.0,40.0,Baengnyeongdo
TP,40.0,50.0,Baengnyeongdo
TP,50.0,91.0,Baengnyeongdo
TP,91.0,51.0,Baengnyeongdo
FP,51.0,124.0,Baengnyeongdo
FN,383.0,20.0,Baengnyeongdo
FP,20.0,904.0,Baengnyeongdo
FN,145.0,65.0,Baengnyeongdo
FP,65.0,165.0,Baengnyeongdo
FN,137.0,67.0,Baengnyeongdo
TP,67.0,67.0,Baengnyeongdo
FP,67.0,116.0,Baengnyeongdo
TP,116.0,46.0,Baengnyeongdo
TP,46.0,68.0,Baengnyeongdo
FP,68.0,119.0,Baengnyeongdo
FP,119.0,106.0,Baengnyeongdo
TP,106.0,66.0,Baengnyeongdo
TP,66.0,59.0,Baengnyeongdo
TP,59.0,55.0,Baengnyeongdo
TP,55.0,51.0,Baengnyeongdo
FP,51.0,143.0,Baengnyeongdo
FN,121.0,25.0,Baengnyeongdo
FN,709.0,57.0,Baengnyeongdo
FN,830.0,59.0,Baengnyeongdo
FN,1808.0,84.0,Baengnyeongdo
FN,238.0,59.0,Baengnyeongdo
FN,333.0,68.0,Baengnyeongdo
FN,2460.0,80.0,Baengnyeongdo
FN,218.0,57.0,Baengnyeongdo
FN,208.0,82.0,Baengnyeongdo
TP,82.0,43.0,Baengnyeongdo
TP,43.0,24.0,Baengnyeongdo
TP,24.0,25.0,Baengnyeongdo
TP,25.0,26.0,Baengnyeongdo
TP,26.0,38.0,Baengnyeongdo
TP,38.0,51.0,Baengnyeongdo
FP,51.0,113.0,Baengnyeongdo
FN,113.0,75.0,Baengnyeongdo
TP,75.0,40.0,Baengnyeongdo
TP,40.0,50.0,Baengnyeongdo
TP,50.0,82.0,Baengnyeongdo
TP,82.0,26.0,Baengnyeongdo
TP,26.0,17.0,Baengnyeongdo
FP,17.0,276.0,Baengnyeongdo
FP,113.0,190.0,Baengnyeongdo
FP,110.0,295.0,Baengnyeongdo
FN,131.0,48.0,Baengnyeongdo
TP,48.0,21.0,Baengnyeongdo
TP,21.0,26.0,Baengnyeongdo
TP,26.0,21.0,Baengnyeongdo
TP,21.0,32.0,Baengnyeongdo
TP,32.0,21.0,Baengnyeongdo
TP,21.0,29.0,Baengnyeongdo
FP,29.0,784.0,Baengnyeongdo
FN,197.0,47.0,Baengnyeongdo
TP,47.0,51.0,Baengnyeongdo
TP,51.0,15.0,Baengnyeongdo
TP,15.0,19.0,Baengnyeongdo
TP,19.0,19.0,Baengnyeongdo
TP,19.0,30.0,Baengnyeongdo
TP,30.0,72.0,Baengnyeongdo
FN,292.0,37.0,Baengnyeongdo
TP,37.0,21.0,Baengnyeongdo
TP,21.0,21.0,Baengnyeongdo
TP,21.0,24.0,Baengnyeongdo
TP,24.0,61.0,Baengnyeongdo
FP,61.0,206.0,Baengnyeongdo
FP,115.0,516.0,Baengnyeongdo
FN,265.0,47.0,Baengnyeongdo
TP,47.0,42.0,Baengnyeongdo
TP,42.0,44.0,Baengnyeongdo
TP,44.0,47.0,Baengnyeongdo
TP,47.0,47.0,Baengnyeongdo
FP,47.0,107.0,Baengnyeongdo
TP,107.0,70.0,Baengnyeongdo
TP,70.0,42.0,Baengnyeongdo
TP,42.0,87.0,Baengnyeongdo
TP,87.0,16.0,Baengnyeongdo
TP,16.0,14.0,Baengnyeongdo
TP,14.0,14.0,Baengnyeongdo
TP,14.0,29.0,Baengnyeongdo
FP,29.0,226.0,Baengnyeongdo
FN,137.0,71.0,Baengnyeongdo
TP,71.0,60.0,Baengnyeongdo
TP,60.0,59.0,Baengnyeongdo
TP,59.0,40.0,Baengnyeongdo
TP,40.0,32.0,Baengnyeongdo
TP,32.0,24.0,Baengnyeongdo
TP,24.0,19.0,Baengnyeongdo
TP,19.0,21.0,Baengnyeongdo
TP,21.0,23.0,Baengnyeongdo
TP,23.0,19.0,Baengnyeongdo
TP,19.0,19.0,Baengnyeongdo
TP,19.0,19.0,Baengnyeongdo
TP,19.0,55.0,Baengnyeongdo
FP,55.0,932.0,Baengnyeongdo
TP,125.0,70.0,Baengnyeongdo
TP,70.0,22.0,Baengnyeongdo
TP,22.0,30.0,Baengnyeongdo
TP,30.0,34.0,Baengnyeongdo
TP,34.0,22.0,Baengnyeongdo
TP,22.0,28.0,Baengnyeongdo
TP,28.0,65.0,Baengnyeongdo
TP,65.0,71.0,Baengnyeongdo
TP,71.0,71.0,Baengnyeongdo
TP,71.0,21.0,Baengnyeongdo
TP,21.0,17.0,Baengnyeongdo
TP,17.0,15.0,Baengnyeongdo
TP,15.0,17.0,Baengnyeongdo
TP,17.0,18.0,Baengnyeongdo
TP,18.0,19.0,Baengnyeongdo
TP,19.0,38.0,Baengnyeongdo
FN,273.0,39.0,Baengnyeongdo
FP,39.0,171.0,Baengnyeongdo
FP,171.0,166.0,Baengnyeongdo
FN,1781.0,47.0,Baengnyeongdo
TP,47.0,36.0,Baengnyeongdo
FP,36.0,701.0,Baengnyeongdo
FN,343.0,22.0,Baengnyeongdo
TP,22.0,21.0,Baengnyeongdo
TP,21.0,31.0,Baengnyeongdo
FP,31.0,4027.0,Baengnyeongdo
FP,121.0,154.0,Baengnyeongdo
FN,154.0,47.0,Baengnyeongdo
FP,47.0,327.0,Baengnyeongdo
FN,617.0,72.0,Baengnyeongdo
TP,72.0,39.0,Baengnyeongdo
FP,39.0,114.0,Baengnyeongdo
FP,114.0,1318.0,Baengnyeongdo
FN,361.0,26.0,Baengnyeongdo
TP,26.0,49.0,Baengnyeongdo
TP,49.0,55.0,Baengnyeongdo
FP,55.0,163.0,Baengnyeongdo
FP,163.0,224.0,Baengnyeongdo
FN,224.0,43.0,Baengnyeongdo
TP,43.0,27.0,Baengnyeongdo
TP,27.0,49.0,Baengnyeongdo
TP,49.0,27.0,Baengnyeongdo
TP,27.0,25.0,Baengnyeongdo
TP,25.0,26.0,Baengnyeongdo
TP,26.0,21.0,Baengnyeongdo
FP,21.0,195.0,Baengnyeongdo
TP,195.0,29.0,Baengnyeongdo
TP,29.0,74.0,Baengnyeongdo
TP,74.0,51.0,Baengnyeongdo
FP,51.0,499.0,Baengnyeongdo
FN,156.0,98.0,Baengnyeongdo
TP,98.0,71.0,Baengnyeongdo
FP,71.0,163.0,Baengnyeongdo
FN,275.0,51.0,Baengnyeongdo
FP,51.0,275.0,Baengnyeongdo
FN,853.0,89.0,Baengnyeongdo
TP,89.0,35.0,Baengnyeongdo
FP,35.0,115.0,Baengnyeongdo
FN,115.0,56.0,Baengnyeongdo
TP,56.0,90.0,Baengnyeongdo
FN,628.0,59.0,Baengnyeongdo
TP,59.0,27.0,Baengnyeongdo
TP,27.0,57.0,Baengnyeongdo
FP,57.0,163.0,Baengnyeongdo
FN,751.0,77.0,Baengnyeongdo
TP,77.0,99.0,Baengnyeongdo
TP,99.0,93.0,Baengnyeongdo
TP,93.0,99.0,Baengnyeongdo
FP,99.0,103.0,Baengnyeongdo
FP,103.0,170.0,Baengnyeongdo
TP,111.0,88.0,Baengnyeongdo
FP,88.0,126.0,Baengnyeongdo
FP,126.0,579.0,Baengnyeongdo
FN,193.0,23.0,Baengnyeongdo
TP,23.0,15.0,Baengnyeongdo
TP,15.0,18.0,Baengnyeongdo
TP,18.0,18.0,Baengnyeongdo
TP,18.0,22.0,Baengnyeongdo
FP,22.0,791.0,Baengnyeongdo
FN,252.0,90.0,Baengnyeongdo
FP,90.0,647.0,Baengnyeongdo
FN,636.0,53.0,Baengnyeongdo
TP,53.0,43.0,Baengnyeongdo
FP,43.0,106.0,Baengnyeongdo
FP,106.0,204.0,Baengnyeongdo
TP,204.0,45.0,Baengnyeongdo
TP,45.0,90.0,Baengnyeongdo
FP,90.0,140.0,Baengnyeongdo
FP,140.0,284.0,Baengnyeongdo
FN,1406.0,97.0,Baengnyeongdo
FP,97.0,389.0,Baengnyeongdo
FP,217.0,200.0,Baengnyeongdo
FP,200.0,461.0,Baengnyeongdo
TP,140.0,79.0,Baengnyeongdo
TP,79.0,89.0,Baengnyeongdo
TP,89.0,91.0,Baengnyeongdo
TP,91.0,54.0,Baengnyeongdo
TP,54.0,90.0,Baengnyeongdo
FP,90.0,440.0,Baengnyeongdo
FN,754.0,28.0,Baengnyeongdo
FP,28.0,631.0,Baengnyeongdo
FN,367.0,6.0,Baengnyeongdo
FP,6.0,123.0,Baengnyeongdo
FP,123.0,467.0,Baengnyeongdo
FN,567.0,14.0,Baengnyeongdo
FP,14.0,401.0,Baengnyeongdo
FN,401.0,32.0,Baengnyeongdo
FP,208.0,310.0,Baengnyeongdo
FN,159.0,92.0,Baengnyeongdo
TP,92.0,71.0,Baengnyeongdo
FP,71.0,687.0,Baengnyeongdo
FN,931.0,33.0,Baengnyeongdo
TP,33.0,24.0,Baengnyeongdo
FP,24.0,139.0,Baengnyeongdo
TP,139.0,12.0,Baengnyeongdo
TP,12.0,11.0,Baengnyeongdo
TP,11.0,19.0,Baengnyeongdo
TP,19.0,19.0,Baengnyeongdo
TP,19.0,18.0,Baengnyeongdo
TP,18.0,63.0,Baengnyeongdo
TP,63.0,21.0,Baengnyeongdo
TP,21.0,21.0,Baengnyeongdo
TP,21.0,46.0,Baengnyeongdo
TP,46.0,63.0,Baengnyeongdo
FP,63.0,421.0,Baengnyeongdo
FN,462.0,85.0,Baengnyeongdo
TP,85.0,22.0,Baengnyeongdo
TP,22.0,21.0,Baengnyeongdo
TP,21.0,25.0,Baengnyeongdo
TP,25.0,21.0,Baengnyeongdo
TP,21.0,23.0,Baengnyeongdo
TP,23.0,17.0,Baengnyeongdo
TP,17.0,16.0,Baengnyeongdo
TP,16.0,19.0,Baengnyeongdo
TP,19.0,24.0,Baengnyeongdo
TP,24.0,46.0,Baengnyeongdo
TP,46.0,60.0,Baengnyeongdo
TP,60.0,86.0,Baengnyeongdo
TP,86.0,38.0,Baengnyeongdo
FP,38.0,496.0,Baengnyeongdo
FN,331.0,37.0,Baengnyeongdo
FP,37.0,235.0,Baengnyeongdo
TP,235.0,39.0,Baengnyeongdo
TP,39.0,45.0,Baengnyeongdo
TP,45.0,91.0,Baengnyeongdo
TP,91.0,29.0,Baengnyeongdo
TP,29.0,37.0,Baengnyeongdo
TP,37.0,15.0,Baengnyeongdo
TP,15.0,18.0,Baengnyeongdo
TP,18.0,18.0,Baengnyeongdo
TP,18.0,17.0,Baengnyeongdo
TP,17.0,16.0,Baengnyeongdo
TP,16.0,23.0,Baengnyeongdo
TP,23.0,32.0,Baengnyeongdo
TP,32.0,55.0,Baengnyeongdo
TP,252.0,94.0,Baengnyeongdo
TP,94.0,48.0,Baengnyeongdo
TP,48.0,22.0,Baengnyeongdo
TP,22.0,45.0,Baengnyeongdo
TP,45.0,33.0,Baengnyeongdo
TP,33.0,28.0,Baengnyeongdo
TP,28.0,34.0,Baengnyeongdo
FP,34.0,110.0,Baengnyeongdo
FN,686.0,81.0,Baengnyeongdo
TP,81.0,32.0,Baengnyeongdo
FP,32.0,244.0,Baengnyeongdo
TP,244.0,21.0,Baengnyeongdo
TP,21.0,31.0,Baengnyeongdo
FP,31.0,171.0,Baengnyeongdo
TP,171.0,21.0,Baengnyeongdo
TP,21.0,90.0,Baengnyeongdo
FP,90.0,252.0,Baengnyeongdo
FP,252.0,289.0,Baengnyeongdo
FN,305.0,17.0,Baengnyeongdo
FP,17.0,195.0,Baengnyeongdo
TP,195.0,57.0,Baengnyeongdo
TP,57.0,46.0,Baengnyeongdo
TP,46.0,14.0,Baengnyeongdo
FP,14.0,253.0,Baengnyeongdo
FP,253.0,169.0,Baengnyeongdo
FN,856.0,51.0,Baengnyeongdo
TP,51.0,35.0,Baengnyeongdo
FP,35.0,312.0,Baengnyeongdo
FP,312.0,141.0,Baengnyeongdo
FP,141.0,280.0,Baengnyeongdo
TP,135.0,13.0,Baengnyeongdo
FP,13.0,295.0,Baengnyeongdo
FP,295.0,211.0,Baengnyeongdo
FP,112.0,279.0,Baengnyeongdo
FP,127.0,450.0,Baengnyeongdo
TP,159.0,30.0,Baengnyeongdo
TP,30.0,27.0,Baengnyeongdo
FP,27.0,161.0,Baengnyeongdo
TP,161.0,28.0,Baengnyeongdo
TP,28.0,21.0,Baengnyeongdo
TP,21.0,13.0,Baengnyeongdo
FP,13.0,522.0,Baengnyeongdo
TP,135.0,15.0,Baengnyeongdo
FP,15.0,232.0,Baengnyeongdo
FP,232.0,139.0,Baengnyeongdo
FP,139.0,238.0,Baengnyeongdo
TP,239.0,35.0,Baengnyeongdo
TP,35.0,33.0,Baengnyeongdo
TP,33.0,49.0,Baengnyeongdo
FP,49.0,206.0,Baengnyeongdo
FN,206.0,51.0,Baengnyeongdo
TP,51.0,86.0,Baengnyeongdo
FP,86.0,142.0,Baengnyeongdo
FP,142.0,338.0,Baengnyeongdo
FN,292.0,57.0,Baengnyeongdo
TP,57.0,96.0,Baengnyeongdo
TP,96.0,72.0,Baengnyeongdo
TP,72.0,21.0,Baengnyeongdo
TP,21.0,25.0,Baengnyeongdo
FP,25.0,280.0,Baengnyeongdo
FP,280.0,415.0,Baengnyeongdo
FP,320.0,329.0,Baengnyeongdo
FN,149.0,40.0,Baengnyeongdo
FP,40.0,478.0,Baengnyeongdo
FN,478.0,83.0,Baengnyeongdo
TP,83.0,16.0,Baengnyeongdo
TP,16.0,17.0,Baengnyeongdo
TP,17.0,23.0,Baengnyeongdo
TP,23.0,27.0,Baengnyeongdo
TP,27.0,51.0,Baengnyeongdo
FP,51.0,414.0,Baengnyeongdo
TP,164.0,43.0,Baengnyeongdo
TP,43.0,25.0,Baengnyeongdo
TP,25.0,17.0,Baengnyeongdo
TP,17.0,21.0,Baengnyeongdo
FP,21.0,128.0,Baengnyeongdo
FP,128.0,140.0,Baengnyeongdo
TP,140.0,19.0,Baengnyeongdo
FP,19.0,135.0,Baengnyeongdo
FP,135.0,189.0,Baengnyeongdo
FP,141.0,241.0,Baengnyeongdo
TP,241.0,21.0,Baengnyeongdo
TP,21.0,34.0,Baengnyeongdo
FP,34.0,135.0,Baengnyeongdo
TP,135.0,22.0,Baengnyeongdo
TP,22.0,25.0,Baengnyeongdo
TP,25.0,17.0,Baengnyeongdo
TP,17.0,27.0,Baengnyeongdo
FP,27.0,684.0,Baengnyeongdo
FN,684.0,85.0,Baengnyeongdo
FN,223.0,77.0,Baengnyeongdo
FP,77.0,216.0,Baengnyeongdo
FP,216.0,368.0,Baengnyeongdo
FN,344.0,17.0,Baengnyeongdo
FP,17.0,138.0,Baengnyeongdo
TP,138.0,32.0,Baengnyeongdo
TP,32.0,17.0,Baengnyeongdo
FP,17.0,221.0,Baengnyeongdo
FP,221.0,495.0,Baengnyeongdo
FP,127.0,367.0,Baengnyeongdo
FN,238.0,72.0,Baengnyeongdo
TP,72.0,51.0,Baengnyeongdo
TP,51.0,61.0,Baengnyeongdo
TP,61.0,62.0,Baengnyeongdo
TP,62.0,59.0,Baengnyeongdo
FP,59.0,147.0,Baengnyeongdo
FP,147.0,207.0,Baengnyeongdo
FN,181.0,49.0,Baengnyeongdo
TP,49.0,54.0,Baengnyeongdo
TP,54.0,79.0,Baengnyeongdo
TP,79.0,94.0,Baengnyeongdo
FP,94.0,464.0,Baengnyeongdo
FN,544.0,40.0,Baengnyeongdo
FP,40.0,398.0,Baengnyeongdo
FN,398.0,15.0,Baengnyeongdo
FP,15.0,225.0,Baengnyeongdo
FP,225.0,424.0,Baengnyeongdo
FN,443.0,40.0,Baengnyeongdo
FP,40.0,221.0,Baengnyeongdo
FN,432.0,60.0,Baengnyeongdo
FP,60.0,430.0,Baengnyeongdo
FN,360.0,70.0,Baengnyeongdo
TP,70.0,28.0,Baengnyeongdo
TP,28.0,39.0,Baengnyeongdo
FP,39.0,137.0,Baengnyeongdo
TP,137.0,25.0,Baengnyeongdo
TP,25.0,62.0,Baengnyeongdo
TP,62.0,30.0,Baengnyeongdo
TP,30.0,37.0,Baengnyeongdo
TP,37.0,29.0,Baengnyeongdo
TP,29.0,13.0,Baengnyeongdo
TP,13.0,19.0,Baengnyeongdo
TP,19.0,22.0,Baengnyeongdo
TP,22.0,25.0,Baengnyeongdo
FP,25.0,505.0,Baengnyeongdo
FN,948.0,19.0,Baengnyeongdo
TP,19.0,14.0,Baengnyeongdo
TP,14.0,35.0,Baengnyeongdo
TP,35.0,21.0,Baengnyeongdo
TP,21.0,30.0,Baengnyeongdo
TP,30.0,33.0,Baengnyeongdo
TP,33.0,25.0,Baengnyeongdo
TP,25.0,24.0,Baengnyeongdo
TP,24.0,41.0,Baengnyeongdo
TP,41.0,62.0,Baengnyeongdo
FP,62.0,1008.0,Baengnyeongdo
FP,117.0,421.0,Baengnyeongdo
FP,140.0,127.0,Baengnyeongdo
TP,127.0,54.0,Baengnyeongdo
FP,54.0,269.0,Baengnyeongdo
FN,269.0,85.0,Baengnyeongdo
FP,85.0,160.0,Baengnyeongdo
TP,160.0,28.0,Baengnyeongdo
FP,28.0,174.0,Baengnyeongdo
TP,174.0,53.0,Baengnyeongdo
TP,53.0,25.0,Baengnyeongdo
TP,25.0,42.0,Baengnyeongdo
TP,42.0,91.0,Baengnyeongdo
FP,91.0,128.0,Baengnyeongdo
FN,207.0,42.0,Baengnyeongdo
TP,42.0,14.0,Baengnyeongdo
TP,14.0,17.0,Baengnyeongdo
TP,17.0,80.0,Baengnyeongdo
TP,80.0,26.0,Baengnyeongdo
TP,26.0,17.0,Baengnyeongdo
FP,17.0,305.0,Baengnyeongdo
TP,305.0,24.0,Baengnyeongdo
TP,24.0,21.0,Baengnyeongdo
TP,21.0,22.0,Baengnyeongdo
TP,22.0,11.0,Baengnyeongdo
TP,11.0,11.0,Baengnyeongdo
TP,11.0,11.0,Baengnyeongdo
TP,11.0,15.0,Baengnyeongdo
TP,15.0,96.0,Baengnyeongdo
FP,96.0,597.0,Baengnyeongdo
FP,136.0,131.0,Baengnyeongdo
FP,131.0,110.0,Baengnyeongdo
TP,110.0,95.0,Baengnyeongdo
TP,95.0,21.0,Baengnyeongdo
TP,21.0,21.0,Baengnyeongdo
TP,21.0,45.0,Baengnyeongdo
TP,45.0,5.0,Baengnyeongdo
TP,5.0,9.0,Baengnyeongdo
FP,9.0,163.0,Baengnyeongdo
FP,163.0,187.0,Baengnyeongdo
FP,187.0,180.0,Baengnyeongdo
FP,180.0,186.0,Baengnyeongdo
FP,186.0,154.0,Baengnyeongdo
FP,154.0,174.0,Baengnyeongdo
FP,120.0,344.0,Baengnyeongdo
FP,120.0,101.0,Baengnyeongdo
FP,101.0,789.0,Baengnyeongdo
FN,489.0,89.0,Baengnyeongdo
FP,89.0,238.0,Baengnyeongdo
FN,182.0,36.0,Baengnyeongdo
TP,36.0,21.0,Baengnyeongdo
FP,21.0,168.0,Baengnyeongdo
FP,168.0,109.0,Baengnyeongdo
TP,109.0,31.0,Baengnyeongdo
TP,31.0,16.0,Baengnyeongdo
TP,16.0,61.0,Baengnyeongdo
FP,61.0,324.0,Baengnyeongdo
FN,324.0,26.0,Baengnyeongdo
FP,26.0,147.0,Baengnyeongdo
FN,180.0,61.0,Baengnyeongdo
TP,61.0,43.0,Baengnyeongdo
TP,43.0,57.0,Baengnyeongdo
TP,57.0,42.0,Baengnyeongdo
TP,42.0,38.0,Baengnyeongdo
TP,38.0,26.0,Baengnyeongdo
TP,26.0,25.0,Baengnyeongdo
TP,25.0,31.0,Baengnyeongdo
TP,31.0,31.0,Baengnyeongdo
FP,31.0,128.0,Baengnyeongdo
TP,128.0,79.0,Baengnyeongdo
TP,79.0,48.0,Baengnyeongdo
FP,48.0,723.0,Baengnyeongdo
FN,310.0,80.0,Baengnyeongdo
FP,80.0,227.0,Baengnyeongdo
TP,227.0,40.0,Baengnyeongdo
TP,40.0,68.0,Baengnyeongdo
TP,68.0,24.0,Baengnyeongdo
FP,24.0,265.0,Baengnyeongdo
TP,265.0,44.0,Baengnyeongdo
TP,44.0,70.0,Baengnyeongdo
TP,70.0,51.0,Baengnyeongdo
TP,51.0,83.0,Baengnyeongdo
FP,83.0,308.0,Baengnyeongdo
FP,160.0,393.0,Baengnyeongdo
FN,362.0,51.0,Baengnyeongdo
FP,51.0,578.0,Baengnyeongdo
TP,131.0,78.0,Baengnyeongdo
TP,78.0,87.0,Baengnyeongdo
FP,87.0,101.0,Baengnyeongdo
TP,101.0,28.0,Baengnyeongdo
TP,28.0,31.0,Baengnyeongdo
TP,31.0,81.0,Baengnyeongdo
FP,81.0,556.0,Baengnyeongdo
FN,490.0,88.0,Baengnyeongdo
TP,88.0,40.0,Baengnyeongdo
TP,40.0,63.0,Baengnyeongdo
TP,63.0,52.0,Baengnyeongdo
TP,52.0,80.0,Baengnyeongdo
FP,80.0,234.0,Baengnyeongdo
FP,234.0,160.0,Baengnyeongdo
TP,160.0,41.0,Baengnyeongdo
TP,41.0,37.0,Baengnyeongdo
TP,37.0,24.0,Baengnyeongdo
TP,24.0,2.0,Baengnyeongdo
TP,2.0,6.0,Baengnyeongdo
TP,6.0,6.0,Baengnyeongdo
TP,6.0,53.0,Baengnyeongdo
FN,119.0,65.0,Baengnyeongdo
TP,65.0,34.0,Baengnyeongdo
TP,34.0,47.0,Baengnyeongdo
TP,47.0,36.0,Baengnyeongdo
TP,36.0,51.0,Baengnyeongdo
TP,51.0,30.0,Baengnyeongdo
TP,30.0,24.0,Baengnyeongdo
TP,24.0,28.0,Baengnyeongdo
TP,28.0,90.0,Baengnyeongdo
FP,90.0,663.0,Baengnyeongdo
FN,171.0,26.0,Baengnyeongdo
TP,26.0,44.0,Baengnyeongdo
TP,44.0,35.0,Baengnyeongdo
TP,35.0,31.0,Baengnyeongdo
FP,31.0,213.0,Baengnyeongdo
FP,105.0,186.0,Baengnyeongdo
FN,136.0,77.0,Baengnyeongdo
TP,77.0,86.0,Baengnyeongdo
FP,86.0,128.0,Baengnyeongdo
TP,128.0,91.0,Baengnyeongdo
TP,91.0,58.0,Baengnyeongdo
TP,58.0,22.0,Baengnyeongdo
TP,22.0,13.0,Baengnyeongdo
TP,13.0,30.0,Baengnyeongdo
TP,30.0,21.0,Baengnyeongdo
TP,21.0,57.0,Baengnyeongdo
FP,57.0,401.0,Baengnyeongdo
FN,276.0,21.0,Baengnyeongdo
FP,21.0,216.0,Baengnyeongdo
FN,216.0,22.0,Baengnyeongdo
TP,22.0,11.0,Baengnyeongdo
TP,11.0,11.0,Baengnyeongdo
FP,11.0,2432.0,Baengnyeongdo
FN,825.0,28.0,Baengnyeongdo
FN,28.0,21.0,Baengnyeongdo
TP,21.0,31.0,Baengnyeongdo
TP,31.0,30.0,Baengnyeongdo
FP,30.0,463.0,Baengnyeongdo
FP,101.0,190.0,Baengnyeongdo
FN,225.0,16.0,Baengnyeongdo
TP,16.0,80.0,Baengnyeongdo
FP,80.0,169.0,Baengnyeongdo
FP,119.0,177.0,Baengnyeongdo
FN,1168.0,21.0,Baengnyeongdo
FP,21.0,454.0,Baengnyeongdo
FN,2104.0,25.0,Baengnyeongdo
FP,25.0,110.0,Baengnyeongdo
FP,110.0,375.0,Baengnyeongdo
FP,118.0,624.0,Baengnyeongdo
FN,1213.0,27.0,Baengnyeongdo
FP,27.0,511.0,Baengnyeongdo
FP,105.0,141.0,Incheon
TP,110.0,14.0,Incheon
TP,14.0,16.0,Incheon
TP,16.0,17.0,Incheon
TP,17.0,20.0,Incheon
TP,20.0,26.0,Incheon
TP,26.0,26.0,Incheon
TP,26.0,25.0,Incheon
TP,25.0,18.0,Incheon
TP,18.0,17.0,Incheon
TP,17.0,12.0,Incheon
TP,12.0,12.0,Incheon
TP,12.0,17.0,Incheon
TP,17.0,14.0,Incheon
FP,14.0,119.0,Incheon
TP,119.0,24.0,Incheon
TP,24.0,44.0,Incheon
FP,44.0,315.0,Incheon
FN,315.0,13.0,Incheon
TP,13.0,37.0,Incheon
TP,37.0,15.0,Incheon
TP,15.0,30.0,Incheon
TP,30.0,14.0,Incheon
TP,14.0,20.0,Incheon
TP,20.0,19.0,Incheon
TP,19.0,14.0,Incheon
TP,14.0,64.0,Incheon
FP,64.0,394.0,Incheon
FN,605.0,32.0,Incheon
FP,32.0,381.0,Incheon
FN,2795.0,98.0,Incheon
FN,414.0,8.0,Incheon
FN,8.0,7.0,Incheon
FN,1289.0,73.0,Incheon
FN,73.0,14.0,Incheon
TP,14.0,22.0,Incheon
TP,22.0,55.0,Incheon
FP,55.0,177.0,Incheon
FN,204.0,7.0,Incheon
TP,7.0,7.0,Incheon
TP,7.0,10.0,Incheon
TP,10.0,9.0,Incheon
TP,9.0,8.0,Incheon
TP,8.0,41.0,Incheon
TP,41.0,64.0,Incheon
TP,64.0,94.0,Incheon
TP,94.0,44.0,Incheon
TP,44.0,44.0,Incheon
FP,44.0,251.0,Incheon
FN,274.0,23.0,Incheon
TP,23.0,21.0,Incheon
TP,21.0,14.0,Incheon
TP,14.0,23.0,Incheon
TP,23.0,61.0,Incheon
TP,61.0,80.0,Incheon
FP,80.0,351.0,Incheon
FN,368.0,90.0,Incheon
FN,90.0,94.0,Incheon
TP,94.0,37.0,Incheon
FP,37.0,118.0,Incheon
FN,118.0,11.0,Incheon
TP,11.0,6.0,Incheon
TP,6.0,11.0,Incheon
TP,11.0,19.0,Incheon
TP,19.0,40.0,Incheon
TP,40.0,14.0,Incheon
TP,14.0,41.0,Incheon
TP,41.0,34.0,Incheon
TP,34.0,88.0,Incheon
FN,88.0,90.0,Incheon
FN,209.0,84.0,Incheon
FN,84.0,25.0,Incheon
TP,25.0,34.0,Incheon
TP,34.0,22.0,Incheon
TP,22.0,41.0,Incheon
FP,41.0,173.0,Incheon
FN,144.0,39.0,Incheon
TP,39.0,14.0,Incheon
FP,14.0,118.0,Incheon
FN,118.0,71.0,Incheon
TP,71.0,94.0,Incheon
FN,144.0,94.0,Incheon
FN,965.0,49.0,Incheon
FN,225.0,31.0,Incheon
TP,31.0,26.0,Incheon
TP,26.0,35.0,Incheon
FP,35.0,270.0,Incheon
FN,338.0,21.0,Incheon
FP,21.0,432.0,Incheon
FN,616.0,44.0,Incheon
FP,44.0,1867.0,Incheon
FN,756.0,29.0,Incheon
TP,29.0,14.0,Incheon
TP,14.0,16.0,Incheon
TP,16.0,9.0,Incheon
TP,9.0,18.0,Incheon
TP,18.0,74.0,Incheon
FP,74.0,993.0,Incheon
FN,201.0,25.0,Incheon
TP,25.0,14.0,Incheon
TP,14.0,21.0,Incheon
TP,21.0,21.0,Incheon
TP,21.0,14.0,Incheon
FP,14.0,432.0,Incheon
FN,374.0,76.0,Incheon
TP,76.0,94.0,Incheon
TP,94.0,31.0,Incheon
FP,31.0,328.0,Incheon
FP,116.0,133.0,Incheon
FP,133.0,166.0,Incheon
FN,914.0,90.0,Incheon
FP,158.0,307.0,Incheon
FN,180.0,35.0,Incheon
FN,35.0,24.0,Incheon
FP,24.0,252.0,Incheon
FN,241.0,55.0,Incheon
FP,55.0,137.0,Incheon
FP,137.0,153.0,Incheon
FP,105.0,105.0,Incheon
FP,105.0,160.0,Incheon
TP,105.0,66.0,Incheon
FP,66.0,144.0,Incheon
FN,193.0,56.0,Incheon
FP,56.0,250.0,Incheon
FP,105.0,326.0,Incheon
FP,105.0,127.0,Incheon
FP,127.0,179.0,Incheon
FN,276.0,65.0,Incheon
FP,65.0,133.0,Incheon
FP,133.0,120.0,Incheon
FP,124.0,182.0,Incheon
FN,493.0,71.0,Incheon
FP,71.0,640.0,Incheon
FN,294.0,66.0,Incheon
FP,66.0,159.0,Incheon
FN,200.0,39.0,Incheon
TP,39.0,21.0,Incheon
TP,21.0,18.0,Incheon
TP,18.0,13.0,Incheon
TP,13.0,11.0,Incheon
TP,11.0,12.0,Incheon
TP,12.0,14.0,Incheon
TP,14.0,19.0,Incheon
TP,19.0,32.0,Incheon
TP,32.0,34.0,Incheon
TP,34.0,15.0,Incheon
TP,15.0,18.0,Incheon
FP,18.0,150.0,Incheon
FN,160.0,68.0,Incheon
FN,312.0,82.0,Incheon
FP,139.0,304.0,Incheon
FN,734.0,75.0,Incheon
FN,628.0,66.0,Incheon
FN,153.0,51.0,Incheon
FP,51.0,411.0,Incheon
TP,103.0,67.0,Incheon
FP,67.0,360.0,Incheon
FN,107.0,92.0,Incheon
FN,92.0,35.0,Incheon
FN,35.0,28.0,Incheon
TP,28.0,15.0,Incheon
TP,15.0,31.0,Incheon
TP,31.0,58.0,Incheon
FP,58.0,132.0,Incheon
FN,132.0,19.0,Incheon
TP,19.0,14.0,Incheon
TP,14.0,13.0,Incheon
TP,13.0,38.0,Incheon
TP,38.0,30.0,Incheon
TP,30.0,14.0,Incheon
TP,14.0,16.0,Incheon
TP,16.0,15.0,Incheon
TP,15.0,16.0,Incheon
TP,16.0,15.0,Incheon
TP,15.0,12.0,Incheon
TP,12.0,11.0,Incheon
TP,11.0,11.0,Incheon
TP,11.0,12.0,Incheon
TP,12.0,10.0,Incheon
TP,10.0,15.0,Incheon
TP,15.0,44.0,Incheon
FP,44.0,223.0,Incheon
FP,130.0,1064.0,Incheon
FN,125.0,30.0,Incheon
FP,30.0,287.0,Incheon
FN,165.0,52.0,Incheon
FN,542.0,88.0,Incheon
FN,172.0,81.0,Incheon
FN,81.0,94.0,Incheon
FP,94.0,156.0,Incheon
FN,224.0,32.0,Incheon
TP,32.0,64.0,Incheon
FP,64.0,130.0,Incheon
TP,105.0,44.0,Incheon
TP,44.0,77.0,Incheon
FP,77.0,106.0,Incheon
FN,994.0,56.0,Incheon
FN,56.0,60.0,Incheon
FP,60.0,447.0,Incheon
FN,331.0,39.0,Incheon
TP,39.0,16.0,Incheon
TP,16.0,22.0,Incheon
TP,22.0,14.0,Incheon
TP,14.0,14.0,Incheon
TP,14.0,14.0,Incheon
TP,14.0,18.0,Incheon
TP,18.0,16.0,Incheon
TP,16.0,22.0,Incheon
TP,22.0,15.0,Incheon
TP,15.0,29.0,Incheon
FP,29.0,276.0,Incheon
TP,114.0,27.0,Incheon
TP,27.0,36.0,Incheon
TP,36.0,11.0,Incheon
TP,11.0,13.0,Incheon
TP,13.0,16.0,Incheon
TP,16.0,15.0,Incheon
TP,15.0,19.0,Incheon
TP,19.0,17.0,Incheon
TP,17.0,13.0,Incheon
TP,13.0,26.0,Incheon
TP,26.0,17.0,Incheon
TP,17.0,84.0,Incheon
FP,84.0,751.0,Incheon
FN,137.0,79.0,Incheon
TP,79.0,90.0,Incheon
FN,215.0,20.0,Incheon
TP,20.0,45.0,Incheon
FP,45.0,194.0,Incheon
FP,123.0,389.0,Incheon
FN,498.0,7.0,Incheon
TP,7.0,18.0,Incheon
FP,18.0,814.0,Incheon
FN,188.0,89.0,Incheon
FN,225.0,75.0,Incheon
FP,75.0,128.0,Incheon
FN,354.0,77.0,Incheon
TP,77.0,17.0,Incheon
FP,17.0,384.0,Incheon
FN,158.0,94.0,Incheon
TP,94.0,93.0,Incheon
TP,93.0,61.0,Incheon
FP,61.0,105.0,Incheon
FN,203.0,12.0,Incheon
TP,12.0,10.0,Incheon
TP,10.0,10.0,Incheon
TP,10.0,21.0,Incheon
TP,21.0,16.0,Incheon
TP,16.0,20.0,Incheon
TP,20.0,19.0,Incheon
TP,19.0,91.0,Incheon
FP,91.0,303.0,Incheon
FN,149.0,70.0,Incheon
TP,70.0,19.0,Incheon
TP,19.0,27.0,Incheon
FP,27.0,157.0,Incheon
FN,899.0,15.0,Incheon
FP,15.0,438.0,Incheon
FN,438.0,44.0,Incheon
FP,44.0,290.0,Incheon
FN,226.0,88.0,Incheon
TP,88.0,70.0,Incheon
FP,70.0,181.0,Incheon
FP,110.0,107.0,Incheon
FP,107.0,317.0,Incheon
FN,216.0,64.0,Incheon
TP,64.0,55.0,Incheon
TP,55.0,65.0,Incheon
TP,65.0,94.0,Incheon
TP,94.0,31.0,Incheon
TP,31.0,52.0,Incheon
TP,52.0,80.0,Incheon
FP,80.0,203.0,Incheon
FN,401.0,94.0,Incheon
FN,94.0,39.0,Incheon
TP,39.0,28.0,Incheon
TP,28.0,55.0,Incheon
TP,55.0,85.0,Incheon
FP,85.0,174.0,Incheon
FN,338.0,35.0,Incheon
TP,35.0,14.0,Incheon
TP,14.0,17.0,Incheon
TP,17.0,19.0,Incheon
TP,19.0,14.0,Incheon
TP,14.0,27.0,Incheon
FP,27.0,153.0,Incheon
FN,680.0,32.0,Incheon
FP,32.0,496.0,Incheon
FN,519.0,94.0,Incheon
FP,94.0,256.0,Incheon
FN,694.0,67.0,Incheon
FP,106.0,817.0,Incheon
FN,157.0,82.0,Incheon
TP,82.0,55.0,Incheon
TP,55.0,94.0,Incheon
FP,94.0,140.0,Incheon
FN,415.0,24.0,Incheon
TP,24.0,50.0,Incheon
TP,50.0,66.0,Incheon
FP,66.0,167.0,Incheon
TP,167.0,47.0,Incheon
TP,47.0,20.0,Incheon
TP,20.0,44.0,Incheon
TP,44.0,27.0,Incheon
TP,27.0,30.0,Incheon
FP,30.0,296.0,Incheon
FN,156.0,45.0,Incheon
FP,45.0,707.0,Incheon
FN,192.0,82.0,Incheon
FN,216.0,92.0,Incheon
FN,339.0,66.0,Incheon
FP,66.0,287.0,Incheon
FN,287.0,98.0,Incheon
FP,98.0,707.0,Incheon
TP,105.0,14.0,Incheon
TP,14.0,18.0,Incheon
TP,18.0,31.0,Incheon
FP,31.0,144.0,Incheon
FN,755.0,21.0,Incheon
TP,21.0,17.0,Incheon
TP,17.0,34.0,Incheon
FP,34.0,415.0,Incheon
FN,1751.0,84.0,Incheon
FN,136.0,96.0,Incheon
FP,96.0,555.0,Incheon
FN,236.0,71.0,Incheon
FP,71.0,306.0,Incheon
FN,574.0,71.0,Incheon
FN,1423.0,75.0,Incheon
FN,75.0,95.0,Incheon
FN,545.0,72.0,Incheon
FN,72.0,53.0,Incheon
FP,136.0,145.0,Ganghwa
TP,145.0,90.0,Ganghwa
TP,90.0,96.0,Ganghwa
TP,96.0,63.0,Ganghwa
TP,63.0,38.0,Ganghwa
TP,38.0,35.0,Ganghwa
FP,35.0,133.0,Ganghwa
FP,133.0,126.0,Ganghwa
FP,126.0,224.0,Ganghwa
FN,333.0,61.0,Ganghwa
FP,61.0,105.0,Ganghwa
TP,105.0,51.0,Ganghwa
TP,51.0,40.0,Ganghwa
FP,40.0,316.0,Ganghwa
FN,144.0,21.0,Ganghwa
TP,21.0,23.0,Ganghwa
TP,23.0,45.0,Ganghwa
TP,45.0,95.0,Ganghwa
TP,95.0,31.0,Ganghwa
TP,31.0,19.0,Ganghwa
TP,19.0,12.0,Ganghwa
TP,12.0,16.0,Ganghwa
TP,16.0,24.0,Ganghwa
FP,24.0,176.0,Ganghwa
TP,176.0,28.0,Ganghwa
TP,28.0,45.0,Ganghwa
FP,45.0,148.0,Ganghwa
TP,148.0,100.0,Ganghwa
FP,100.0,421.0,Ganghwa
FN,230.0,64.0,Ganghwa
FP,64.0,288.0,Ganghwa
FN,288.0,51.0,Ganghwa
FP,51.0,120.0,Ganghwa
FP,120.0,332.0,Ganghwa
FN,485.0,7.0,Ganghwa
TP,7.0,21.0,Ganghwa
TP,21.0,8.0,Ganghwa
TP,8.0,10.0,Ganghwa
TP,10.0,18.0,Ganghwa
TP,18.0,10.0,Ganghwa
TP,10.0,14.0,Ganghwa
FP,14.0,793.0,Ganghwa
FN,237.0,26.0,Ganghwa
FN,26.0,25.0,Ganghwa
TP,25.0,4.0,Ganghwa
FP,4.0,146.0,Ganghwa
FN,146.0,9.0,Ganghwa
FP,9.0,214.0,Ganghwa
TP,110.0,62.0,Ganghwa
TP,62.0,27.0,Ganghwa
FP,27.0,221.0,Ganghwa
FN,342.0,77.0,Ganghwa
FP,77.0,106.0,Ganghwa
TP,106.0,9.0,Ganghwa
TP,9.0,13.0,Ganghwa
TP,13.0,16.0,Ganghwa
TP,16.0,12.0,Ganghwa
TP,12.0,13.0,Ganghwa
TP,13.0,12.0,Ganghwa
TP,12.0,11.0,Ganghwa
TP,11.0,10.0,Ganghwa
TP,10.0,16.0,Ganghwa
TP,16.0,12.0,Ganghwa
TP,12.0,97.0,Ganghwa
FN,147.0,52.0,Ganghwa
TP,52.0,24.0,Ganghwa
TP,24.0,55.0,Ganghwa
TP,55.0,43.0,Ganghwa
TP,43.0,67.0,Ganghwa
FP,67.0,236.0,Ganghwa
FP,116.0,119.0,Ganghwa
TP,119.0,67.0,Ganghwa
FP,67.0,208.0,Ganghwa
TP,208.0,61.0,Ganghwa
TP,61.0,8.0,Ganghwa
TP,8.0,8.0,Ganghwa
TP,8.0,6.0,Ganghwa
TP,6.0,7.0,Ganghwa
TP,7.0,14.0,Ganghwa
TP,14.0,9.0,Ganghwa
TP,9.0,10.0,Ganghwa
TP,10.0,18.0,Ganghwa
TP,18.0,9.0,Ganghwa
TP,9.0,33.0,Ganghwa
FN,602.0,86.0,Ganghwa
FP,86.0,254.0,Ganghwa
FP,141.0,113.0,Ganghwa
FP,113.0,451.0,Ganghwa
FN,190.0,41.0,Ganghwa
FP,41.0,322.0,Ganghwa
FP,136.0,176.0,Ganghwa
FP,176.0,170.0,Ganghwa
FP,170.0,268.0,Ganghwa
FN,268.0,67.0,Ganghwa
FP,67.0,108.0,Ganghwa
FP,108.0,169.0,Ganghwa
TP,169.0,28.0,Ganghwa
FP,28.0,394.0,Ganghwa
FP,194.0,196.0,Ganghwa
FP,196.0,133.0,Ganghwa
FP,133.0,138.0,Ganghwa
FP,138.0,396.0,Ganghwa
FN,396.0,46.0,Ganghwa
FP,46.0,178.0,Ganghwa
FN,643.0,23.0,Ganghwa
TP,23.0,27.0,Ganghwa
TP,27.0,23.0,Ganghwa
FP,23.0,1404.0,Ganghwa
FP,117.0,239.0,Ganghwa
FP,168.0,104.0,Ganghwa
TP,104.0,93.0,Ganghwa
FP,93.0,143.0,Ganghwa
FP,143.0,266.0,Ganghwa
FP,143.0,246.0,Ganghwa
FP,146.0,202.0,Ganghwa
FP,202.0,613.0,Ganghwa
FN,151.0,95.0,Ganghwa
TP,95.0,46.0,Ganghwa
TP,46.0,69.0,Ganghwa
FP,69.0,560.0,Ganghwa
FN,281.0,91.0,Ganghwa
FP,91.0,331.0,Ganghwa
TP,136.0,54.0,Ganghwa
TP,54.0,99.0,Ganghwa
FP,99.0,198.0,Ganghwa
FP,131.0,281.0,Ganghwa
FN,182.0,42.0,Ganghwa
TP,42.0,34.0,Ganghwa
TP,34.0,74.0,Ganghwa
TP,74.0,66.0,Ganghwa
TP,66.0,88.0,Ganghwa
TP,88.0,92.0,Ganghwa
FP,92.0,199.0,Ganghwa
FN,154.0,81.0,Ganghwa
TP,81.0,81.0,Ganghwa
FP,81.0,297.0,Ganghwa
FN,356.0,77.0,Ganghwa
FP,77.0,258.0,Ganghwa
FN,258.0,60.0,Ganghwa
TP,60.0,32.0,Ganghwa
TP,32.0,85.0,Ganghwa
FP,85.0,167.0,Ganghwa
FN,518.0,62.0,Ganghwa
FN,62.0,26.0,Ganghwa
FP,26.0,820.0,Ganghwa
FN,223.0,39.0,Ganghwa
FP,39.0,478.0,Ganghwa
FN,348.0,72.0,Ganghwa
FP,72.0,153.0,Ganghwa
FN,153.0,61.0,Ganghwa
FP,61.0,133.0,Ganghwa
FN,534.0,55.0,Ganghwa
FN,55.0,62.0,Ganghwa
TP,62.0,81.0,Ganghwa
TP,81.0,56.0,Ganghwa
FP,56.0,125.0,Ganghwa
FP,125.0,192.0,Ganghwa
FN,132.0,69.0,Ganghwa
FP,69.0,367.0,Ganghwa
FN,266.0,94.0,Ganghwa
FN,250.0,79.0,Ganghwa
FP,79.0,604.0,Ganghwa
FN,155.0,31.0,Ganghwa
FP,31.0,136.0,Ganghwa
TP,136.0,43.0,Ganghwa
TP,43.0,23.0,Ganghwa
TP,23.0,30.0,Ganghwa
TP,30.0,22.0,Ganghwa
TP,22.0,40.0,Ganghwa
TP,40.0,26.0,Ganghwa
TP,26.0,34.0,Ganghwa
TP,34.0,44.0,Ganghwa
FP,44.0,215.0,Ganghwa
FN,271.0,90.0,Ganghwa
FP,90.0,185.0,Ganghwa
FN,354.0,42.0,Ganghwa
FP,42.0,5000.0,Ganghwa
FN,683.0,13.0,Ganghwa
FP,13.0,663.0,Ganghwa
FN,3714.0,28.0,Ganghwa
FP,114.0,176.0,Ganghwa
TP,176.0,71.0,Ganghwa
TP,71.0,23.0,Ganghwa
FP,23.0,701.0,Ganghwa
FP,179.0,124.0,Ganghwa
FP,124.0,126.0,Ganghwa
FP,126.0,143.0,Ganghwa
FP,143.0,323.0,Ganghwa
FN,312.0,89.0,Ganghwa
FP,89.0,177.0,Ganghwa
FP,177.0,125.0,Ganghwa
TP,125.0,11.0,Ganghwa
TP,11.0,86.0,Ganghwa
FP,86.0,201.0,Ganghwa
FP,129.0,160.0,Ganghwa
FP,160.0,198.0,Ganghwa
FP,198.0,203.0,Ganghwa
FP,133.0,135.0,Ganghwa
FP,135.0,142.0,Ganghwa
FP,142.0,124.0,Ganghwa
FP,124.0,131.0,Ganghwa
FP,131.0,161.0,Ganghwa
FP,161.0,281.0,Ganghwa
TP,124.0,20.0,Ganghwa
TP,20.0,15.0,Ganghwa
TP,15.0,10.0,Ganghwa
TP,10.0,8.0,Ganghwa
TP,8.0,8.0,Ganghwa
TP,8.0,12.0,Ganghwa
FP,12.0,173.0,Ganghwa
FP,156.0,682.0,Ganghwa
FP,108.0,223.0,Ganghwa
TP,126.0,96.0,Ganghwa
FP,96.0,174.0,Ganghwa
FN,551.0,100.0,Ganghwa
FP,175.0,433.0,Ganghwa
FN,433.0,91.0,Ganghwa
FP,91.0,126.0,Ganghwa
TP,126.0,88.0,Ganghwa
TP,88.0,67.0,Ganghwa
FP,67.0,132.0,Ganghwa
FP,132.0,614.0,Ganghwa
TP,121.0,32.0,Ganghwa
FP,32.0,1560.0,Ganghwa
TP,125.0,96.0,Ganghwa
FP,96.0,3671.0,Ganghwa
FP,114.0,269.0,Ganghwa
FN,654.0,96.0,Ganghwa
TP,96.0,22.0,Ganghwa
TP,22.0,36.0,Ganghwa
TP,36.0,19.0,Ganghwa
TP,19.0,48.0,Ganghwa
TP,48.0,50.0,Ganghwa
FP,50.0,258.0,Ganghwa
FP,143.0,159.0,Ganghwa
FN,159.0,89.0,Ganghwa
FP,89.0,125.0,Ganghwa
FP,125.0,290.0,Ganghwa
FN,372.0,3.0,Ganghwa
FP,3.0,198.0,Ganghwa
FP,198.0,127.0,Ganghwa
FP,127.0,108.0,Ganghwa
TP,108.0,22.0,Ganghwa
FP,22.0,644.0,Ganghwa
FN,597.0,70.0,Ganghwa
FP,70.0,309.0,Ganghwa
FN,250.0,72.0,Ganghwa
TP,72.0,33.0,Ganghwa
FP,33.0,465.0,Ganghwa
FP,135.0,341.0,Ganghwa
FP,174.0,347.0,Ganghwa
FN,243.0,96.0,Ganghwa
TP,96.0,35.0,Ganghwa
TP,35.0,17.0,Ganghwa
TP,17.0,76.0,Ganghwa
FP,76.0,122.0,Ganghwa
FP,122.0,234.0,Ganghwa
FN,234.0,41.0,Ganghwa
TP,41.0,57.0,Ganghwa
FP,57.0,112.0,Ganghwa
FP,112.0,417.0,Ganghwa
FN,562.0,16.0,Ganghwa
TP,16.0,28.0,Ganghwa
TP,28.0,34.0,Ganghwa
FP,34.0,437.0,Ganghwa
FP,141.0,354.0,Ganghwa
FP,159.0,147.0,Ganghwa
FP,147.0,227.0,Ganghwa
FP,125.0,231.0,Ganghwa
FP,126.0,114.0,Ganghwa
TP,114.0,52.0,Ganghwa
TP,52.0,52.0,Ganghwa
TP,52.0,39.0,Ganghwa
TP,39.0,65.0,Ganghwa
TP,65.0,88.0,Ganghwa
FP,88.0,239.0,Ganghwa
FP,239.0,578.0,Ganghwa
FN,299.0,89.0,Ganghwa
TP,89.0,23.0,Ganghwa
TP,23.0,38.0,Ganghwa
TP,38.0,35.0,Ganghwa
TP,35.0,63.0,Ganghwa
FP,63.0,362.0,Ganghwa
TP,111.0,53.0,Ganghwa
FP,53.0,126.0,Ganghwa
FP,126.0,297.0,Ganghwa
FN,300.0,40.0,Ganghwa
FP,40.0,242.0,Ganghwa
FP,242.0,368.0,Ganghwa
FN,368.0,14.0,Ganghwa
TP,14.0,23.0,Ganghwa
FP,23.0,339.0,Ganghwa
FP,140.0,1407.0,Ganghwa
FN,122.0,85.0,Ganghwa
TP,85.0,41.0,Ganghwa
FP,41.0,429.0,Ganghwa
FN,119.0,22.0,Ganghwa
TP,22.0,53.0,Ganghwa
TP,53.0,34.0,Ganghwa
TP,34.0,47.0,Ganghwa
FP,47.0,336.0,Ganghwa
TP,126.0,41.0,Ganghwa
TP,41.0,38.0,Ganghwa
FP,38.0,266.0,Ganghwa
FN,4881.0,28.0,Ganghwa
FN,28.0,75.0,Ganghwa
FN,75.0,29.0,Ganghwa
FP,29.0,139.0,Ganghwa
FP,139.0,195.0,Ganghwa
FN,151.0,38.0,Ganghwa
FP,38.0,439.0,Ganghwa
FN,392.0,86.0,Ganghwa
FN,242.0,51.0,Ganghwa
TP,51.0,53.0,Ganghwa
FP,53.0,186.0,Ganghwa
FP,186.0,1187.0,Ganghwa
FN,432.0,48.0,Ganghwa
FN,560.0,82.0,Ganghwa
FN,82.0,60.0,Ganghwa
FP,60.0,347.0,Ganghwa
FN,145.0,45.0,Ganghwa
FN,702.0,25.0,Ganghwa
FN,575.0,44.0,Ganghwa
FP,44.0,735.0,Ganghwa
FN,513.0,26.0,Ganghwa
TP,26.0,26.0,Ganghwa
TP,26.0,73.0,Ganghwa
FP,143.0,262.0,Ganghwa
FN,1045.0,22.0,Ganghwa
FP,124.0,107.0,Ganghwa
TP,107.0,92.0,Ganghwa
TP,92.0,83.0,Ganghwa
FP,83.0,109.0,Ganghwa
TP,109.0,62.0,Ganghwa
TP,62.0,98.0,Ganghwa
FP,98.0,109.0,Ganghwa
FP,109.0,319.0,Ganghwa
FN,199.0,12.0,Ganghwa
FP,12.0,472.0,Ganghwa
TP,106.0,78.0,Ganghwa
FP,78.0,3623.0,Ganghwa
FN,603.0,61.0,Ganghwa
FP,61.0,5000.0,Ganghwa
FN,219.0,12.0,Ganghwa
TP,12.0,18.0,Ganghwa
TP,18.0,100.0,Ganghwa
FP,100.0,189.0,Ganghwa
FN,189.0,13.0,Ganghwa
TP,13.0,13.0,Ganghwa
FP,13.0,180.0,Ganghwa
TP,108.0,21.0,Dongducheon
TP,21.0,62.0,Dongducheon
TP,62.0,47.0,Dongducheon
TP,47.0,58.0,Dongducheon
TP,58.0,69.0,Dongducheon
TP,69.0,53.0,Dongducheon
TP,53.0,52.0,Dongducheon
TP,52.0,46.0,Dongducheon
TP,46.0,81.0,Dongducheon
FP,81.0,153.0,Dongducheon
FP,109.0,119.0,Dongducheon
FP,119.0,140.0,Dongducheon
FN,456.0,91.0,Dongducheon
TP,118.0,23.0,Dongducheon
TP,23.0,62.0,Dongducheon
TP,62.0,36.0,Dongducheon
TP,36.0,23.0,Dongducheon
TP,23.0,19.0,Dongducheon
TP,19.0,28.0,Dongducheon
TP,28.0,27.0,Dongducheon
TP,27.0,17.0,Dongducheon
TP,17.0,17.0,Dongducheon
TP,17.0,22.0,Dongducheon
TP,22.0,20.0,Dongducheon
TP,20.0,29.0,Dongducheon
TP,29.0,19.0,Dongducheon
TP,19.0,23.0,Dongducheon
TP,23.0,20.0,Dongducheon
TP,20.0,24.0,Dongducheon
TP,24.0,16.0,Dongducheon
TP,16.0,16.0,Dongducheon
TP,16.0,12.0,Dongducheon
TP,12.0,32.0,Dongducheon
TP,32.0,18.0,Dongducheon
TP,18.0,17.0,Dongducheon
FP,17.0,186.0,Dongducheon
FP,186.0,158.0,Dongducheon
TP,158.0,34.0,Dongducheon
TP,34.0,40.0,Dongducheon
FP,40.0,171.0,Dongducheon
FN,171.0,95.0,Dongducheon
FP,95.0,106.0,Dongducheon
FP,106.0,213.0,Dongducheon
FN,426.0,27.0,Dongducheon
FP,103.0,179.0,Dongducheon
FN,179.0,90.0,Dongducheon
FP,90.0,101.0,Dongducheon
TP,101.0,22.0,Dongducheon
FP,22.0,183.0,Dongducheon
FP,150.0,196.0,Dongducheon
FP,146.0,172.0,Dongducheon
FN,172.0,89.0,Dongducheon
TP,89.0,8.0,Dongducheon
TP,8.0,7.0,Dongducheon
TP,7.0,6.0,Dongducheon
TP,6.0,6.0,Dongducheon
TP,6.0,8.0,Dongducheon
TP,8.0,7.0,Dongducheon
TP,7.0,7.0,Dongducheon
TP,7.0,11.0,Dongducheon
FN,129.0,87.0,Dongducheon
TP,87.0,94.0,Dongducheon
FP,94.0,127.0,Dongducheon
FN,143.0,74.0,Dongducheon
TP,74.0,49.0,Dongducheon
TP,49.0,5.0,Dongducheon
TP,5.0,6.0,Dongducheon
TP,6.0,10.0,Dongducheon
FN,148.0,43.0,Dongducheon
FP,43.0,133.0,Dongducheon
FN,133.0,96.0,Dongducheon
TP,96.0,51.0,Dongducheon
TP,51.0,58.0,Dongducheon
FP,58.0,505.0,Dongducheon
FN,342.0,84.0,Dongducheon
FP,84.0,559.0,Dongducheon
FN,152.0,95.0,Dongducheon
FN,349.0,100.0,Dongducheon
FP,100.0,197.0,Dongducheon
FN,320.0,50.0,Dongducheon
FP,50.0,112.0,Dongducheon
FP,112.0,162.0,Dongducheon
FN,397.0,74.0,Dongducheon
FN,179.0,78.0,Dongducheon
FN,248.0,42.0,Dongducheon
FP,42.0,213.0,Dongducheon
FN,299.0,87.0,Dongducheon
FN,87.0,44.0,Dongducheon
TP,44.0,33.0,Dongducheon
TP,33.0,100.0,Dongducheon
FP,100.0,415.0,Dongducheon
FN,415.0,98.0,Dongducheon
FN,477.0,45.0,Dongducheon
FN,168.0,84.0,Dongducheon
FN,670.0,76.0,Dongducheon
FN,324.0,33.0,Dongducheon
TP,33.0,98.0,Dongducheon
FP,98.0,337.0,Dongducheon
FN,587.0,55.0,Dongducheon
FN,55.0,42.0,Dongducheon
FP,42.0,117.0,Dongducheon
FP,117.0,185.0,Dongducheon
FN,374.0,79.0,Dongducheon
FN,243.0,57.0,Dongducheon
FN,57.0,66.0,Dongducheon
FP,66.0,383.0,Dongducheon
FN,175.0,88.0,Dongducheon
FN,146.0,70.0,Dongducheon
FP,70.0,158.0,Dongducheon
FN,122.0,46.0,Dongducheon
FN,46.0,46.0,Dongducheon
TP,154.0,10.0,Dongducheon
TP,10.0,18.0,Dongducheon
TP,18.0,18.0,Dongducheon
TP,18.0,22.0,Dongducheon
TP,22.0,20.0,Dongducheon
TP,20.0,41.0,Dongducheon
FN,41.0,38.0,Dongducheon
FP,162.0,142.0,Dongducheon
FP,142.0,173.0,Dongducheon
FN,173.0,83.0,Dongducheon
FN,718.0,45.0,Dongducheon
FP,45.0,2574.0,Dongducheon
FP,143.0,176.0,Dongducheon
FP,176.0,251.0,Dongducheon
FP,120.0,223.0,Dongducheon
FN,499.0,89.0,Dongducheon
FP,128.0,279.0,Dongducheon
FP,132.0,239.0,Dongducheon
FN,504.0,83.0,Dongducheon
FN,83.0,79.0,Dongducheon
TP,79.0,61.0,Dongducheon
TP,61.0,69.0,Dongducheon
TP,69.0,68.0,Dongducheon
TP,68.0,69.0,Dongducheon
FP,103.0,126.0,Dongducheon
TP,126.0,92.0,Dongducheon
TP,92.0,55.0,Dongducheon
TP,55.0,37.0,Dongducheon
TP,37.0,23.0,Dongducheon
TP,23.0,48.0,Dongducheon
TP,48.0,75.0,Dongducheon
FP,75.0,111.0,Dongducheon
TP,111.0,33.0,Dongducheon
TP,33.0,96.0,Dongducheon
FP,96.0,394.0,Dongducheon
FN,385.0,70.0,Paju
FN,227.0,66.0,Paju
TP,66.0,19.0,Paju
TP,19.0,24.0,Paju
TP,24.0,19.0,Paju
TP,19.0,31.0,Paju
TP,31.0,30.0,Paju
TP,30.0,20.0,Paju
TP,20.0,51.0,Paju
TP,51.0,36.0,Paju
TP,36.0,25.0,Paju
TP,25.0,48.0,Paju
TP,48.0,33.0,Paju
TP,33.0,39.0,Paju
FP,39.0,161.0,Paju
TP,206.0,85.0,Paju
TP,85.0,10.0,Paju
TP,10.0,56.0,Paju
TP,56.0,74.0,Paju
FP,74.0,151.0,Paju
FP,180.0,226.0,Paju
FP,149.0,187.0,Paju
FP,187.0,149.0,Paju
FP,149.0,200.0,Paju
FP,185.0,174.0,Paju
FP,174.0,173.0,Paju
FP,160.0,170.0,Paju
FP,170.0,259.0,Paju
FP,105.0,173.0,Paju
TP,173.0,40.0,Paju
TP,40.0,16.0,Paju
TP,16.0,11.0,Paju
FP,11.0,195.0,Paju
FN,706.0,99.0,Paju
FP,116.0,104.0,Paju
FP,104.0,139.0,Paju
TP,139.0,57.0,Paju
FP,57.0,309.0,Paju
TP,136.0,44.0,Paju
TP,44.0,7.0,Paju
TP,7.0,8.0,Paju
TP,8.0,15.0,Paju
TP,15.0,11.0,Paju
TP,11.0,8.0,Paju
TP,8.0,9.0,Paju
TP,9.0,8.0,Paju
TP,8.0,12.0,Paju
TP,12.0,14.0,Paju
TP,14.0,14.0,Paju
TP,14.0,18.0,Paju
TP,18.0,18.0,Paju
TP,18.0,70.0,Paju
FP,203.0,180.0,Paju
FP,180.0,190.0,Paju
FP,190.0,235.0,Paju
FP,184.0,124.0,Paju
FP,124.0,169.0,Paju
FP,163.0,114.0,Paju
TP,114.0,47.0,Paju
TP,47.0,31.0,Paju
FP,31.0,188.0,Paju
TP,188.0,82.0,Paju
TP,82.0,94.0,Paju
FP,125.0,105.0,Paju
TP,105.0,63.0,Paju
TP,63.0,7.0,Paju
TP,8.0,12.0,Paju
FN,12.0,44.0,Paju
FP,144.0,239.0,Paju
TP,182.0,73.0,Paju
FP,73.0,124.0,Paju
FP,124.0,102.0,Paju
TP,102.0,41.0,Paju
TP,41.0,50.0,Paju
TP,50.0,54.0,Paju
TP,54.0,7.0,Paju
TP,7.0,7.0,Paju
TP,7.0,11.0,Paju
TP,141.0,41.0,Paju
FP,41.0,147.0,Paju
FP,147.0,121.0,Paju
FP,121.0,141.0,Paju
TP,141.0,68.0,Paju
TP,68.0,13.0,Paju
TP,13.0,23.0,Paju
TP,23.0,48.0,Paju
FN,255.0,14.0,Paju
TP,14.0,19.0,Paju
FP,19.0,397.0,Paju
FP,103.0,453.0,Paju
TP,147.0,90.0,Paju
FP,90.0,217.0,Paju
TP,177.0,81.0,Paju
FP,81.0,174.0,Paju
FP,174.0,168.0,Paju
TP,180.0,79.0,Paju
TP,79.0,12.0,Paju
TP,12.0,23.0,Paju
TP,23.0,63.0,Paju
FP,63.0,241.0,Paju
FP,153.0,231.0,Paju
FP,151.0,171.0,Paju
FP,171.0,252.0,Paju
FP,188.0,418.0,Paju
FN,203.0,97.0,Paju
TP,97.0,25.0,Paju
TP,25.0,43.0,Paju
FP,43.0,203.0,Paju
FN,319.0,15.0,Paju
TP,15.0,38.0,Paju
FN,290.0,31.0,Paju
FP,31.0,112.0,Paju
TP,112.0,80.0,Paju
FP,179.0,432.0,Paju
FP,150.0,223.0,Paju
TP,161.0,41.0,Paju
TP,41.0,45.0,Paju
FP,45.0,250.0,Paju
FN,283.0,59.0,Paju
FP,59.0,229.0,Paju
FP,165.0,218.0,Paju
TP,218.0,29.0,Paju
TP,29.0,21.0,Paju
FN,233.0,79.0,Paju
FP,108.0,123.0,Paju
FP,123.0,295.0,Paju
FN,471.0,20.0,Paju
FN,153.0,94.0,Paju
FP,94.0,288.0,Paju
TP,120.0,91.0,Paju
TP,91.0,10.0,Paju
FP,10.0,292.0,Paju
FN,481.0,30.0,Paju
TP,30.0,34.0,Paju
TP,34.0,29.0,Paju
TP,29.0,36.0,Paju
FP,36.0,143.0,Paju
FP,143.0,290.0,Paju
FN,252.0,99.0,Paju
FN,366.0,54.0,Paju
FP,159.0,146.0,Paju
FP,146.0,140.0,Paju
FP,140.0,106.0,Paju
FP,106.0,101.0,Paju
FP,101.0,114.0,Paju
TP,114.0,17.0,Paju
FN,293.0,62.0,Paju
TP,120.0,88.0,Paju
FP,88.0,191.0,Paju
FN,108.0,84.0,Paju
FN,159.0,98.0,Paju
FN,119.0,97.0,Paju
FN,202.0,96.0,Paju
FN,96.0,54.0,Paju
TP,54.0,67.0,Paju
FP,67.0,159.0,Paju
FP,163.0,411.0,Paju
FN,775.0,46.0,Paju
TP,46.0,34.0,Paju
FP,34.0,452.0,Paju
FN,3514.0,56.0,Paju
FN,207.0,78.0,Paju
FP,78.0,221.0,Paju
FN,251.0,72.0,Paju
TP,72.0,31.0,Paju
TP,31.0,16.0,Paju
TP,16.0,35.0,Paju
FN,211.0,66.0,Paju
FP,141.0,206.0,Paju
FP,181.0,157.0,Paju
FP,157.0,143.0,Paju
TP,143.0,58.0,Paju
TP,58.0,75.0,Paju
TP,75.0,27.0,Paju
TP,27.0,29.0,Paju
TP,29.0,83.0,Paju
FP,186.0,339.0,Paju
TP,162.0,21.0,Paju
FP,21.0,278.0,Paju
FP,125.0,130.0,Paju
FP,130.0,170.0,Paju
FP,170.0,107.0,Paju
TP,107.0,30.0,Paju
FP,30.0,109.0,Paju
FP,109.0,137.0,Paju
FP,137.0,372.0,Paju
FP,184.0,387.0,Paju
FP,387.0,342.0,Paju
FN,472.0,58.0,Paju
TP,58.0,24.0,Paju
TP,24.0,52.0,Paju
TP,52.0,37.0,Paju
TP,37.0,76.0,Paju
FP,76.0,120.0,Paju
FP,173.0,130.0,Paju
FP,130.0,148.0,Paju
FP,148.0,225.0,Paju
TP,225.0,67.0,Paju
TP,67.0,97.0,Paju
FP,97.0,262.0,Paju
FN,596.0,88.0,Paju
FP,88.0,158.0,Paju
TP,158.0,38.0,Paju
TP,38.0,15.0,Paju
TP,15.0,46.0,Paju
TP,46.0,18.0,Paju
FP,18.0,141.0,Paju
FP,170.0,206.0,Paju
FP,206.0,168.0,Paju
FP,168.0,179.0,Paju
FP,179.0,612.0,Paju
FP,414.0,583.0,Paju
FN,364.0,21.0,Paju
TP,21.0,74.0,Paju
TP,74.0,26.0,Paju
TP,26.0,31.0,Paju
FP,31.0,594.0,Paju
FN,284.0,45.0,Paju
TP,162.0,35.0,Paju
TP,35.0,96.0,Paju
TP,96.0,45.0,Paju
FP,45.0,294.0,Paju
FP,117.0,246.0,Paju
FP,145.0,126.0,Paju
TP,126.0,96.0,Paju
TP,96.0,77.0,Paju
FP,77.0,250.0,Paju
FN,1225.0,19.0,Paju
TP,19.0,13.0,Paju
TP,13.0,16.0,Paju
TP,16.0,19.0,Paju
TP,19.0,19.0,Paju
TP,19.0,19.0,Paju
FP,19.0,122.0,Paju
FN,122.0,35.0,Paju
FP,171.0,165.0,Paju
FP,165.0,426.0,Paju
TP,118.0,73.0,Paju
TP,73.0,22.0,Paju
TP,22.0,9.0,Paju
TP,9.0,10.0,Paju
TP,10.0,25.0,Paju
TP,25.0,38.0,Paju
FP,38.0,266.0,Paju
FN,766.0,21.0,Paju
TP,21.0,47.0,Paju
FP,47.0,3310.0,Paju
TP,201.0,12.0,Paju
TP,12.0,14.0,Paju
TP,14.0,16.0,Paju
TP,16.0,52.0,Paju
TP,133.0,49.0,Paju
FP,49.0,283.0,Paju
FN,694.0,24.0,Paju
TP,24.0,30.0,Paju
TP,30.0,41.0,Paju
TP,41.0,27.0,Paju
TP,27.0,62.0,Paju
FP,277.0,481.0,Paju
FP,172.0,296.0,Paju
TP,250.0,92.0,Paju
FP,92.0,116.0,Paju
FP,116.0,220.0,Paju
TP,120.0,25.0,Paju
TP,25.0,17.0,Paju
TP,17.0,12.0,Paju
TP,12.0,11.0,Paju
TP,11.0,11.0,Paju
TP,11.0,13.0,Paju
TP,13.0,15.0,Paju
TP,15.0,13.0,Paju
TP,13.0,14.0,Paju
TP,14.0,29.0,Paju
FP,29.0,151.0,Paju
FP,221.0,480.0,Paju
FN,210.0,29.0,Paju
TP,29.0,14.0,Paju
TP,14.0,24.0,Paju
FN,354.0,43.0,Paju
FP,43.0,321.0,Paju
FP,321.0,309.0,Paju
FN,201.0,77.0,Paju
FP,77.0,210.0,Paju
TP,210.0,15.0,Paju
TP,15.0,23.0,Paju
TP,23.0,17.0,Paju
TP,17.0,27.0,Paju
TP,27.0,50.0,Paju
FP,50.0,440.0,Paju
FP,215.0,150.0,Paju
FP,150.0,182.0,Paju
TP,182.0,23.0,Paju
TP,23.0,94.0,Paju
FP,94.0,285.0,Paju
FP,183.0,194.0,Paju
FP,233.0,157.0,Paju
FP,157.0,133.0,Paju
TP,133.0,61.0,Paju
TP,61.0,13.0,Paju
TP,13.0,11.0,Paju
TP,11.0,14.0,Paju
TP,14.0,62.0,Paju
FP,62.0,142.0,Paju
FP,157.0,109.0,Paju
FP,109.0,177.0,Paju
FP,177.0,165.0,Paju
FP,165.0,254.0,Paju
FP,254.0,180.0,Paju
FP,180.0,147.0,Paju
FP,147.0,175.0,Paju
FP,175.0,156.0,Paju
FP,156.0,123.0,Paju
FP,123.0,153.0,Paju
FN,513.0,100.0,Paju
FP,187.0,159.0,Paju
FP,159.0,104.0,Paju
FP,104.0,255.0,Paju
FN,255.0,75.0,Paju
TP,75.0,57.0,Paju
FP,57.0,174.0,Paju
FP,174.0,214.0,Paju
FP,214.0,154.0,Paju
TP,154.0,33.0,Paju
FP,33.0,146.0,Paju
FP,146.0,230.0,Paju
FN,520.0,72.0,Paju
TP,72.0,21.0,Paju
TP,21.0,18.0,Paju
TP,18.0,15.0,Paju
TP,15.0,17.0,Paju
TP,17.0,17.0,Paju
TP,17.0,33.0,Paju
FN,311.0,98.0,Paju
FP,98.0,338.0,Paju
TP,338.0,61.0,Paju
FP,61.0,152.0,Paju
TP,152.0,43.0,Paju
FP,43.0,112.0,Paju
FP,147.0,101.0,Paju
TP,101.0,39.0,Paju
TP,39.0,17.0,Paju
TP,17.0,41.0,Paju
FP,41.0,168.0,Paju
FP,168.0,147.0,Paju
FP,147.0,116.0,Paju
FP,116.0,119.0,Paju
FP,119.0,188.0,Paju
FN,273.0,59.0,Paju
FP,59.0,468.0,Paju
FP,126.0,123.0,Paju
FP,123.0,107.0,Paju
FP,107.0,130.0,Paju
FP,130.0,183.0,Paju
TP,183.0,53.0,Paju
TP,53.0,88.0,Paju
TP,88.0,11.0,Paju
TP,11.0,10.0,Paju
TP,10.0,7.0,Paju
TP,7.0,17.0,Paju
TP,17.0,28.0,Paju
FP,28.0,1331.0,Paju
FP,139.0,110.0,Paju
FP,110.0,181.0,Paju
FP,146.0,137.0,Paju
TP,137.0,77.0,Paju
FP,77.0,282.0,Paju
FP,135.0,443.0,Paju
FP,108.0,137.0,Paju
TP,137.0,80.0,Paju
TP,80.0,93.0,Paju
FP,86.0,101.0,Paju
FP,191.0,110.0,Paju
FN,241.0,68.0,Paju
TP,68.0,37.0,Paju
TP,37.0,10.0,Paju
FP,10.0,169.0,Paju
FP,145.0,183.0,Paju
FP,174.0,225.0,Paju
FP,126.0,223.0,Paju
FN,206.0,70.0,Paju
TP,70.0,62.0,Paju
TP,62.0,53.0,Paju
FP,53.0,125.0,Paju
TP,125.0,55.0,Paju
TP,55.0,23.0,Paju
TP,23.0,22.0,Paju
TP,22.0,35.0,Paju
FP,35.0,393.0,Paju
FN,684.0,59.0,Paju
FN,844.0,70.0,Paju
FN,70.0,26.0,Paju
TP,26.0,43.0,Paju
TP,43.0,39.0,Paju
TP,39.0,29.0,Paju
TP,29.0,79.0,Paju
TP,79.0,78.0,Paju
FP,78.0,887.0,Paju
FN,201.0,63.0,Paju
FP,63.0,221.0,Paju
FP,158.0,176.0,Paju
FP,176.0,190.0,Paju
FN,163.0,51.0,Paju
TP,51.0,68.0,Paju
TP,68.0,30.0,Paju
TP,30.0,25.0,Paju
TP,25.0,57.0,Paju
FP,57.0,128.0,Paju
FP,150.0,178.0,Paju
FP,178.0,189.0,Paju
FP,164.0,218.0,Paju
FN,340.0,95.0,Paju
FP,95.0,373.0,Paju
FN,176.0,20.0,Paju
FP,20.0,321.0,Paju
FP,217.0,218.0,Paju
FN,218.0,99.0,Paju
TP,99.0,66.0,Paju
TP,66.0,7.0,Paju
TP,7.0,11.0,Paju
TP,11.0,80.0,Paju
TP,131.0,30.0,Paju
TP,30.0,14.0,Paju
TP,14.0,13.0,Paju
TP,13.0,13.0,Paju
TP,13.0,37.0,Paju
FN,302.0,90.0,Paju
TP,90.0,33.0,Paju
FP,33.0,175.0,Paju
FP,157.0,254.0,Paju
FN,198.0,62.0,Paju
TP,62.0,11.0,Paju
TP,11.0,21.0,Paju
TP,21.0,28.0,Paju
FP,28.0,159.0,Paju
FP,153.0,374.0,Paju
FP,207.0,156.0,Paju
TP,156.0,16.0,Paju
TP,16.0,13.0,Paju
TP,13.0,15.0,Paju
TP,15.0,11.0,Paju
TP,11.0,15.0,Paju
TP,15.0,27.0,Paju
FN,669.0,47.0,Paju
FP,47.0,367.0,Paju
FN,274.0,95.0,Paju
FP,95.0,223.0,Paju
FN,487.0,56.0,Paju
TP,56.0,82.0,Paju
TP,82.0,89.0,Paju
FP,89.0,157.0,Paju
FP,179.0,251.0,Paju
FP,179.0,216.0,Paju
FN,556.0,25.0,Paju
FP,25.0,136.0,Paju
TP,136.0,31.0,Paju
TP,31.0,31.0,Paju
FP,31.0,109.0,Paju
FP,176.0,262.0,Paju
FP,127.0,171.0,Paju
FP,171.0,194.0,Paju
FN,194.0,67.0,Paju
TP,67.0,61.0,Paju
TP,61.0,88.0,Paju
FP,88.0,183.0,Paju
FP,177.0,211.0,Paju
FN,391.0,91.0,Paju
TP,91.0,14.0,Paju
TP,14.0,27.0,Paju
TP,27.0,35.0,Paju
FP,35.0,157.0,Paju
FP,185.0,269.0,Paju
TP,143.0,75.0,Paju
FP,75.0,490.0,Paju
FN,342.0,38.0,Paju
FP,38.0,353.0,Paju
TP,145.0,15.0,Paju
TP,15.0,27.0,Paju
TP,27.0,20.0,Paju
TP,20.0,28.0,Paju
TP,28.0,55.0,Paju
FP,118.0,177.0,Paju
FP,177.0,153.0,Paju
FP,153.0,907.0,Paju
FN,145.0,50.0,Paju
FP,135.0,1185.0,Paju
FN,1669.0,78.0,Paju
FN,487.0,79.0,Paju
FN,492.0,33.0,Paju
FN,33.0,57.0,Paju
FN,273.0,53.0,Paju
FN,53.0,96.0,Paju
TP,96.0,35.0,Paju
FP,35.0,359.0,Paju
FN,383.0,75.0,Paju
FP,103.0,156.0,Paju
FP,156.0,233.0,Paju
FP,139.0,394.0,Paju
FN,808.0,72.0,Paju
FN,732.0,19.0,Paju
FN,173.0,91.0,Paju
TP,91.0,40.0,Paju
TP,40.0,23.0,Paju
FN,262.0,94.0,Paju
TP,94.0,85.0,Paju
FN,433.0,48.0,Paju
FP,152.0,161.0,Paju
FP,161.0,173.0,Paju
FP,179.0,122.0,Paju
FP,122.0,141.0,Paju
TP,141.0,11.0,Paju
TP,11.0,19.0,Paju
TP,19.0,27.0,Paju
TP,27.0,38.0,Paju
FN,223.0,41.0,Paju
TP,41.0,29.0,Paju
FP,29.0,148.0,Paju
FP,148.0,233.0,Paju
FP,188.0,253.0,Paju
FP,253.0,454.0,Paju
FN,380.0,100.0,Paju
FP,100.0,468.0,Paju
FP,194.0,203.0,Paju
FP,203.0,309.0,Paju
FN,227.0,31.0,Paju
TP,31.0,32.0,Paju
TP,32.0,38.0,Paju
TP,38.0,41.0,Paju
TP,41.0,60.0,Paju
FP,60.0,472.0,Paju
FN,425.0,94.0,Paju
FP,94.0,496.0,Paju
FN,500.0,76.0,Paju
TP,76.0,96.0,Paju
FP,96.0,247.0,Paju
FP,119.0,191.0,Paju
FP,191.0,358.0,Paju
FP,209.0,106.0,Paju
TP,106.0,20.0,Paju
TP,20.0,23.0,Paju
TP,23.0,22.0,Paju
TP,22.0,94.0,Paju
FN,240.0,99.0,Paju
TP,99.0,20.0,Paju
TP,20.0,12.0,Paju
TP,12.0,12.0,Paju
TP,12.0,11.0,Paju
TP,11.0,12.0,Paju
TP,12.0,19.0,Paju
TP,19.0,23.0,Paju
TP,23.0,28.0,Paju
TP,28.0,37.0,Paju
FP,138.0,116.0,Paju
FP,116.0,181.0,Paju
FP,181.0,122.0,Paju
TP,122.0,24.0,Paju
TP,24.0,80.0,Paju
TP,80.0,36.0,Paju
TP,36.0,43.0,Paju
FN,43.0,39.0,Paju
FP,199.0,142.0,Paju
FP,142.0,147.0,Paju
TP,147.0,13.0,Paju
TP,13.0,11.0,Paju
TP,11.0,12.0,Paju
TP,12.0,10.0,Paju
TP,10.0,12.0,Paju
TP,12.0,21.0,Paju
FP,187.0,501.0,Paju
FN,291.0,21.0,Paju
TP,21.0,19.0,Paju
TP,19.0,17.0,Paju
TP,17.0,9.0,Paju
TP,9.0,86.0,Paju
TP,86.0,12.0,Paju
TP,12.0,14.0,Paju
TP,14.0,43.0,Paju
FP,43.0,126.0,Paju
FP,126.0,142.0,Paju
TP,142.0,45.0,Paju
FP,45.0,268.0,Paju
FP,224.0,267.0,Paju
FP,176.0,275.0,Paju
TP,155.0,14.0,Paju
TP,14.0,15.0,Paju
TP,15.0,20.0,Paju
TP,20.0,19.0,Paju
FP,118.0,120.0,Paju
FP,120.0,187.0,Paju
FP,187.0,310.0,Paju
FP,171.0,151.0,Paju
FP,151.0,118.0,Paju
TP,118.0,20.0,Paju
TP,20.0,23.0,Paju
TP,23.0,15.0,Paju
TP,15.0,11.0,Paju
TP,11.0,30.0,Paju
TP,30.0,100.0,Paju
TP,100.0,40.0,Paju
TP,40.0,96.0,Paju
FP,96.0,190.0,Paju
FN,542.0,21.0,Paju
FP,21.0,357.0,Paju
FP,357.0,178.0,Paju
TP,178.0,17.0,Paju
TP,17.0,26.0,Paju
TP,26.0,23.0,Paju
TP,23.0,52.0,Paju
FP,186.0,214.0,Paju
TP,214.0,92.0,Paju
TP,92.0,16.0,Paju
FP,16.0,141.0,Paju
TP,141.0,23.0,Paju
TP,23.0,10.0,Paju
TP,10.0,72.0,Paju
FP,72.0,162.0,Paju
FP,159.0,141.0,Paju
FP,141.0,295.0,Paju
FN,325.0,80.0,Paju
FP,80.0,275.0,Paju
FN,275.0,17.0,Paju
FP,17.0,134.0,Paju
FP,400.0,305.0,Paju
FP,139.0,135.0,Paju
FP,135.0,363.0,Paju
FP,173.0,452.0,Paju
FP,157.0,161.0,Paju
FP,161.0,188.0,Paju
FP,188.0,291.0,Paju
FN,203.0,35.0,Paju
TP,35.0,44.0,Paju
FP,44.0,145.0,Paju
TP,145.0,32.0,Paju
FP,32.0,214.0,Paju
TP,214.0,37.0,Paju
FP,37.0,108.0,Paju
FP,108.0,178.0,Paju
FP,178.0,101.0,Paju
FN,101.0,20.0,Paju
TP,20.0,51.0,Paju
FP,140.0,120.0,Paju
TP,120.0,47.0,Paju
TP,47.0,25.0,Paju
TP,25.0,11.0,Paju
TP,11.0,19.0,Paju
TP,19.0,21.0,Paju
FP,21.0,109.0,Paju
FP,109.0,110.0,Paju
FP,110.0,255.0,Paju
FP,133.0,231.0,Paju
FN,474.0,97.0,Paju
FP,97.0,101.0,Paju
TP,101.0,99.0,Paju
TP,99.0,67.0,Paju
TP,67.0,64.0,Paju
FP,64.0,236.0,Paju
FP,158.0,321.0,Paju
FN,328.0,20.0,Cheorwon
FN,20.0,16.0,Cheorwon
FN,16.0,51.0,Cheorwon
FN,51.0,19.0,Cheorwon
FN,19.0,50.0,Cheorwon
FN,50.0,19.0,Cheorwon
FN,19.0,27.0,Cheorwon
FN,27.0,26.0,Cheorwon
FN,273.0,35.0,Cheorwon
FN,35.0,80.0,Cheorwon
FP,103.0,337.0,Cheorwon
FP,120.0,129.0,Cheorwon
FP,129.0,975.0,Cheorwon
FN,729.0,50.0,Cheorwon
FN,50.0,42.0,Cheorwon
TP,42.0,78.0,Cheorwon
FP,78.0,1212.0,Cheorwon
FN,465.0,24.0,Cheorwon
TP,24.0,27.0,Cheorwon
TP,27.0,21.0,Cheorwon
TP,21.0,33.0,Cheorwon
FP,33.0,388.0,Cheorwon
FN,545.0,73.0,Cheorwon
TP,73.0,45.0,Cheorwon
TP,45.0,48.0,Cheorwon
TP,48.0,35.0,Cheorwon
TP,35.0,52.0,Cheorwon
TP,52.0,51.0,Cheorwon
FP,51.0,134.0,Cheorwon
FP,134.0,117.0,Cheorwon
FP,117.0,296.0,Cheorwon
TP,110.0,66.0,Cheorwon
FP,66.0,167.0,Cheorwon
FN,514.0,92.0,Cheorwon
FP,92.0,231.0,Cheorwon
FN,4813.0,83.0,Cheorwon
FN,83.0,86.0,Cheorwon
TP,31.0,48.0,Cheorwon
TP,48.0,59.0,Cheorwon
TP,59.0,61.0,Cheorwon
TP,61.0,48.0,Cheorwon
TP,48.0,87.0,Cheorwon
TP,47.0,46.0,Cheorwon
TP,46.0,76.0,Cheorwon
TP,76.0,82.0,Cheorwon
TP,82.0,72.0,Cheorwon
FP,72.0,330.0,Cheorwon
TP,111.0,35.0,Cheorwon
TP,35.0,46.0,Cheorwon
TP,46.0,67.0,Cheorwon
FP,67.0,516.0,Cheorwon
FP,189.0,643.0,Cheorwon
FN,2395.0,83.0,Cheorwon
FN,83.0,62.0,Cheorwon
FP,62.0,613.0,Cheorwon
FN,423.0,58.0,Cheorwon
FN,200.0,13.0,Cheorwon
FP,13.0,854.0,Cheorwon
FN,854.0,76.0,Cheorwon
FP,76.0,407.0,Cheorwon
FN,407.0,49.0,Cheorwon
FP,49.0,204.0,Cheorwon
FN,576.0,79.0,Cheorwon
FN,209.0,85.0,Cheorwon
FP,85.0,207.0,Cheorwon
FP,207.0,155.0,Cheorwon
FN,155.0,99.0,Cheorwon
FP,99.0,3338.0,Cheorwon
FN,356.0,21.0,Cheorwon
TP,21.0,68.0,Cheorwon
FN,68.0,46.0,Cheorwon
FP,46.0,106.0,Cheorwon
FN,145.0,28.0,Cheorwon
FN,781.0,63.0,Cheorwon
FN,160.0,59.0,Cheorwon
FN,59.0,40.0,Cheorwon
TP,40.0,58.0,Cheorwon
TP,58.0,70.0,Cheorwon
FN,1610.0,74.0,Cheorwon
FN,74.0,71.0,Cheorwon
TP,71.0,76.0,Cheorwon
TP,76.0,81.0,Cheorwon
FP,81.0,480.0,Cheorwon
FN,144.0,81.0,Cheorwon
FP,81.0,940.0,Cheorwon
FN,706.0,69.0,Cheorwon
FP,69.0,155.0,Cheorwon
FP,155.0,443.0,Cheorwon
FP,59.0,127.0,Cheorwon
FN,477.0,45.0,Cheorwon
TP,45.0,65.0,Cheorwon
FP,65.0,196.0,Cheorwon
FN,921.0,73.0,Cheorwon
TP,73.0,26.0,Cheorwon
TP,26.0,78.0,Cheorwon
FP,78.0,102.0,Cheorwon
FP,102.0,576.0,Cheorwon
FN,327.0,57.0,Cheorwon
TP,57.0,35.0,Cheorwon
TP,35.0,43.0,Cheorwon
TP,43.0,42.0,Cheorwon
TP,42.0,56.0,Cheorwon
TP,56.0,99.0,Cheorwon
FN,99.0,56.0,Cheorwon
FN,56.0,77.0,Cheorwon
FN,888.0,58.0,Cheorwon
FN,1051.0,21.0,Cheorwon
FP,21.0,551.0,Cheorwon
FN,116.0,85.0,Cheorwon
FP,85.0,160.0,Cheorwon
FP,104.0,141.0,Cheorwon
FP,141.0,177.0,Cheorwon
FN,394.0,92.0,Cheorwon
TP,92.0,63.0,Cheorwon
TP,63.0,63.0,Cheorwon
TP,63.0,53.0,Cheorwon
FP,53.0,101.0,Cheorwon
FP,101.0,194.0,Cheorwon
FP,141.0,140.0,Chuncheon
FP,117.0,228.0,Chuncheon
FN,202.0,51.0,Chuncheon
TP,51.0,47.0,Chuncheon
FP,47.0,331.0,Chuncheon
FN,172.0,81.0,Chuncheon
FP,81.0,168.0,Chuncheon
FP,168.0,219.0,Chuncheon
FN,206.0,89.0,Chuncheon
FP,89.0,135.0,Chuncheon
FP,135.0,256.0,Chuncheon
FN,454.0,14.0,Chuncheon
TP,14.0,13.0,Chuncheon
TP,13.0,17.0,Chuncheon
FP,17.0,307.0,Chuncheon
FN,381.0,89.0,Chuncheon
TP,89.0,17.0,Chuncheon
FP,17.0,491.0,Chuncheon
FN,222.0,93.0,Chuncheon
FN,93.0,4.0,Chuncheon
TP,4.0,5.0,Chuncheon
FP,5.0,312.0,Chuncheon
FN,1056.0,91.0,Chuncheon
FN,91.0,59.0,Chuncheon
FN,59.0,56.0,Chuncheon
FN,56.0,2.0,Chuncheon
FN,2.0,4.0,Chuncheon
TP,4.0,18.0,Chuncheon
FP,18.0,121.0,Chuncheon
FN,1060.0,59.0,Chuncheon
FN,842.0,80.0,Chuncheon
FN,479.0,67.0,Chuncheon
FN,646.0,27.0,Chuncheon
FN,708.0,29.0,Chuncheon
FN,194.0,18.0,Chuncheon
FN,18.0,23.0,Chuncheon
FN,23.0,3.0,Chuncheon
FP,3.0,151.0,Chuncheon
FN,154.0,36.0,Chuncheon
FN,238.0,34.0,Chuncheon
TP,34.0,18.0,Chuncheon
FP,18.0,330.0,Chuncheon
FN,249.0,16.0,Chuncheon
TP,16.0,1.0,Chuncheon
TP,1.0,1.0,Chuncheon
TP,1.0,33.0,Chuncheon
FP,33.0,304.0,Chuncheon
FN,255.0,64.0,Chuncheon
FN,64.0,6.0,Chuncheon
TP,6.0,5.0,Chuncheon
TP,5.0,57.0,Chuncheon
FP,57.0,3394.0,Chuncheon
FN,138.0,77.0,Chuncheon
TP,77.0,51.0,Chuncheon
FP,51.0,111.0,Chuncheon
FN,169.0,61.0,Chuncheon
FN,61.0,49.0,Chuncheon
TP,49.0,93.0,Chuncheon
FP,93.0,223.0,Chuncheon
FN,179.0,60.0,Chuncheon
FN,60.0,2.0,Chuncheon
FN,2.0,1.0,Chuncheon
TP,1.0,1.0,Chuncheon
TP,1.0,21.0,Chuncheon
TP,21.0,75.0,Chuncheon
TP,119.0,83.0,Chuncheon
FP,83.0,114.0,Chuncheon
FP,114.0,602.0,Chuncheon
TP,101.0,21.0,Chuncheon
TP,21.0,1.0,Chuncheon
TP,1.0,1.0,Chuncheon
TP,1.0,5.0,Chuncheon
TP,5.0,1.0,Chuncheon
TP,1.0,39.0,Chuncheon
TP,39.0,58.0,Chuncheon
TP,58.0,95.0,Chuncheon
FP,95.0,192.0,Chuncheon
FN,184.0,62.0,Chuncheon
TP,62.0,37.0,Chuncheon
TP,37.0,41.0,Chuncheon
TP,41.0,57.0,Chuncheon
TP,57.0,87.0,Chuncheon
FP,87.0,244.0,Chuncheon
FN,136.0,9.0,Chuncheon
TP,9.0,23.0,Chuncheon
TP,23.0,65.0,Chuncheon
FP,65.0,232.0,Chuncheon
FN,107.0,16.0,Chuncheon
FP,16.0,131.0,Chuncheon
FN,205.0,36.0,Chuncheon
TP,36.0,9.0,Chuncheon
TP,9.0,69.0,Chuncheon
TP,69.0,64.0,Chuncheon
FP,64.0,116.0,Chuncheon
FP,116.0,275.0,Chuncheon
FN,114.0,21.0,Chuncheon
TP,21.0,12.0,Chuncheon
TP,12.0,4.0,Chuncheon
TP,4.0,18.0,Chuncheon
FP,18.0,123.0,Chuncheon
FN,112.0,50.0,Chuncheon
TP,50.0,12.0,Chuncheon
TP,12.0,1.0,Chuncheon
TP,1.0,1.0,Chuncheon
TP,1.0,1.0,Chuncheon
TP,1.0,1.0,Chuncheon
TP,1.0,1.0,Chuncheon
TP,1.0,63.0,Chuncheon
FN,219.0,31.0,Chuncheon
FN,31.0,12.0,Chuncheon
FN,301.0,85.0,Chuncheon
FN,326.0,96.0,Chuncheon
TP,96.0,47.0,Chuncheon
FP,47.0,169.0,Chuncheon
FN,230.0,63.0,Chuncheon
TP,63.0,16.0,Chuncheon
TP,16.0,18.0,Chuncheon
FP,18.0,1500.0,Chuncheon
FN,129.0,100.0,Chuncheon
FP,100.0,261.0,Chuncheon
FN,394.0,36.0,Chuncheon
FP,36.0,189.0,Chuncheon
FN,189.0,83.0,Chuncheon
FP,83.0,124.0,Chuncheon
FN,492.0,82.0,Chuncheon
FP,82.0,268.0,Chuncheon
FN,141.0,75.0,Chuncheon
FN,75.0,84.0,Chuncheon
FN,84.0,86.0,Chuncheon
FN,86.0,88.0,Chuncheon
FN,185.0,97.0,Chuncheon
FN,107.0,57.0,Chuncheon
FN,267.0,16.0,Chuncheon
TP,16.0,14.0,Chuncheon
FP,14.0,428.0,Chuncheon
FP,133.0,123.0,Chuncheon
TP,123.0,85.0,Chuncheon
TP,85.0,89.0,Chuncheon
TP,89.0,92.0,Chuncheon
FP,92.0,109.0,Chuncheon
FP,109.0,161.0,Chuncheon
FN,282.0,100.0,Chuncheon
FP,100.0,277.0,Chuncheon
FN,852.0,40.0,Chuncheon
FP,40.0,1087.0,Chuncheon
FN,1087.0,29.0,Chuncheon
FP,29.0,1217.0,Chuncheon
FN,164.0,93.0,Chuncheon
FN,93.0,9.0,Chuncheon
FP,9.0,200.0,Chuncheon
FP,117.0,230.0,Chuncheon
FN,237.0,61.0,Chuncheon
FP,61.0,122.0,Chuncheon
FP,122.0,778.0,Chuncheon
FN,446.0,41.0,Chuncheon
FP,41.0,1113.0,Chuncheon
FN,152.0,55.0,Chuncheon
FN,420.0,75.0,Chuncheon
FN,636.0,34.0,Chuncheon
FN,34.0,16.0,Chuncheon
TP,16.0,51.0,Chuncheon
FP,51.0,1127.0,Chuncheon
FN,533.0,21.0,Chuncheon
FN,21.0,32.0,Chuncheon
FN,1457.0,74.0,Chuncheon
FN,74.0,81.0,Chuncheon
FN,176.0,38.0,Chuncheon
FN,38.0,24.0,Chuncheon
FN,192.0,60.0,Chuncheon
FN,60.0,71.0,Chuncheon
FN,142.0,61.0,Chuncheon
FN,61.0,74.0,Chuncheon
FN,74.0,69.0,Chuncheon
FN,69.0,100.0,Chuncheon
FN,272.0,99.0,Chuncheon
FN,109.0,86.0,Chuncheon
FN,86.0,83.0,Chuncheon
FN,220.0,65.0,Chuncheon
FN,65.0,57.0,Chuncheon
FN,155.0,52.0,Chuncheon
FN,52.0,21.0,Chuncheon
FN,21.0,8.0,Chuncheon
FN,8.0,1.0,Chuncheon
FN,1.0,1.0,Chuncheon
FN,1.0,2.0,Chuncheon
FN,2.0,18.0,Chuncheon
FN,489.0,98.0,Chuncheon
FN,171.0,41.0,Chuncheon
FN,104.0,58.0,Chuncheon
FN,58.0,36.0,Chuncheon
FN,36.0,15.0,Chuncheon
FN,15.0,1.0,Chuncheon
FN,1.0,29.0,Chuncheon
FN,933.0,52.0,Chuncheon
FN,52.0,2.0,Chuncheon
FN,2.0,3.0,Chuncheon
FN,3.0,26.0,Chuncheon
FN,220.0,98.0,Chuncheon
FN,418.0,74.0,Chuncheon
FN,305.0,63.0,Chuncheon
FN,138.0,86.0,Chuncheon
FN,86.0,26.0,Chuncheon
TP,26.0,31.0,Chuncheon
FP,31.0,213.0,Chuncheon
FN,119.0,96.0,Chuncheon
FN,1004.0,98.0,Inje
FN,98.0,99.0,Inje
FP,99.0,104.0,Inje
FP,104.0,176.0,Inje
FP,219.0,119.0,Inje
FP,119.0,107.0,Inje
FP,107.0,158.0,Inje
FP,158.0,106.0,Inje
FP,106.0,194.0,Inje
FP,194.0,182.0,Inje
FP,182.0,226.0,Inje
FP,226.0,1253.0,Inje
FN,710.0,69.0,Inje
FN,636.0,26.0,Inje
FP,26.0,480.0,Inje
FN,534.0,21.0,Inje
FP,21.0,364.0,Inje
FP,364.0,573.0,Inje
FN,193.0,82.0,Inje
FN,82.0,48.0,Inje
FN,1499.0,100.0,Inje
FN,249.0,73.0,Inje
FN,291.0,77.0,Inje
FN,1886.0,41.0,Inje
FN,107.0,51.0,Inje
FN,2623.0,44.0,Inje
FN,285.0,78.0,Inje
FN,481.0,73.0,Inje
FP,114.0,259.0,Inje
FP,119.0,1064.0,Inje
FN,350.0,60.0,Inje
FP,60.0,618.0,Inje
FN,410.0,29.0,Inje
FP,243.0,406.0,Inje
FN,177.0,90.0,Inje
FN,217.0,70.0,Inje
FN,110.0,92.0,Inje
FN,92.0,73.0,Inje
FN,201.0,99.0,Inje
FN,222.0,49.0,Inje
TP,49.0,68.0,Inje
FP,68.0,248.0,Inje
FN,150.0,16.0,Inje
FN,16.0,25.0,Inje
FN,25.0,31.0,Inje
FN,31.0,32.0,Inje
FN,32.0,56.0,Inje
FN,56.0,91.0,Inje
FP,317.0,337.0,Inje
FP,337.0,146.0,Inje
FP,146.0,173.0,Inje
FP,173.0,204.0,Inje
FP,204.0,204.0,Inje
FP,204.0,220.0,Inje
FP,220.0,178.0,Inje
FP,178.0,296.0,Inje
FN,447.0,62.0,Inje
FP,120.0,651.0,Inje
FN,252.0,76.0,Inje
FN,3628.0,67.0,Inje
FN,412.0,54.0,Inje
FN,481.0,91.0,Inje
FN,5000.0,63.0,Inje
FN,264.0,83.0,Inje
FN,235.0,93.0,Inje
FP,355.0,756.0,Inje
FN,155.0,52.0,Inje
FN,563.0,75.0,Inje
FN,75.0,82.0,Inje
FN,82.0,58.0,Inje
FP,142.0,124.0,Sokcho
FP,124.0,156.0,Sokcho
TP,156.0,72.0,Sokcho
TP,72.0,92.0,Sokcho
TP,92.0,66.0,Sokcho
FP,66.0,192.0,Sokcho
FN,192.0,39.0,Sokcho
FP,39.0,214.0,Sokcho
FP,138.0,743.0,Sokcho
FN,4721.0,20.0,Sokcho
FN,2135.0,35.0,Sokcho
FN,35.0,36.0,Sokcho
TP,36.0,43.0,Sokcho
TP,43.0,58.0,Sokcho
FP,58.0,1924.0,Sokcho
FN,1369.0,61.0,Sokcho
FP,114.0,160.0,Sokcho
FN,160.0,26.0,Sokcho
FP,26.0,612.0,Sokcho
FN,334.0,51.0,Sokcho
TP,51.0,100.0,Sokcho
FP,100.0,206.0,Sokcho
FP,178.0,114.0,Sokcho
TP,114.0,37.0,Sokcho
TP,37.0,47.0,Sokcho
TP,47.0,30.0,Sokcho
TP,30.0,44.0,Sokcho
TP,44.0,31.0,Sokcho
TP,31.0,24.0,Sokcho
TP,24.0,27.0,Sokcho
TP,27.0,85.0,Sokcho
TP,85.0,29.0,Sokcho
TP,29.0,33.0,Sokcho
TP,33.0,92.0,Sokcho
FP,92.0,2479.0,Sokcho
FN,297.0,24.0,Sokcho
TP,24.0,20.0,Sokcho
TP,20.0,38.0,Sokcho
TP,38.0,51.0,Sokcho
TP,51.0,55.0,Sokcho
FP,55.0,434.0,Sokcho
FN,1247.0,51.0,Sokcho
TP,51.0,42.0,Sokcho
FP,42.0,1105.0,Sokcho
FN,1105.0,18.0,Sokcho
TP,18.0,31.0,Sokcho
TP,31.0,31.0,Sokcho
TP,31.0,47.0,Sokcho
TP,47.0,35.0,Sokcho
TP,35.0,62.0,Sokcho
TP,62.0,72.0,Sokcho
FP,72.0,361.0,Sokcho
FP,168.0,162.0,Sokcho
FP,162.0,317.0,Sokcho
FN,1799.0,94.0,Sokcho
FN,575.0,77.0,Sokcho
FN,245.0,64.0,Sokcho
FN,64.0,94.0,Sokcho
FP,94.0,357.0,Sokcho
FN,102.0,66.0,Sokcho
TP,66.0,39.0,Sokcho
FN,39.0,32.0,Sokcho
FN,32.0,23.0,Sokcho
FN,23.0,53.0,Sokcho
FP,156.0,666.0,Sokcho
FP,148.0,132.0,Sokcho
TP,132.0,64.0,Sokcho
TP,64.0,71.0,Sokcho
FP,71.0,173.0,Sokcho
TP,128.0,98.0,Sokcho
FP,98.0,412.0,Sokcho
FN,138.0,19.0,Sokcho
FN,19.0,31.0,Sokcho
FN,199.0,90.0,Sokcho
FN,2179.0,58.0,Sokcho
FP,135.0,238.0,Sokcho
FP,156.0,378.0,Sokcho
FP,123.0,346.0,Sokcho
FN,374.0,57.0,Sokcho
FP,98.0,626.0,Sokcho
FP,110.0,144.0,Sokcho
FP,144.0,160.0,Sokcho
FP,113.0,471.0,Sokcho
FN,660.0,67.0,Sokcho
FP,67.0,224.0,Sokcho
FN,2206.0,99.0,Sokcho
FP,150.0,196.0,Sokcho
TP,125.0,22.0,Sokcho
FP,22.0,240.0,Sokcho
FP,158.0,176.0,Sokcho
FN,212.0,83.0,Sokcho
FP,137.0,140.0,Sokcho
FP,140.0,185.0,Sokcho
FP,159.0,170.0,Sokcho
FN,1190.0,35.0,Sokcho
FN,793.0,99.0,Sokcho
FP,153.0,497.0,Sokcho
FN,593.0,86.0,Seoul
FP,86.0,126.0,Seoul
TP,126.0,34.0,Seoul
FP,34.0,110.0,Seoul
FP,110.0,109.0,Seoul
FP,109.0,101.0,Seoul
FP,101.0,129.0,Seoul
TP,129.0,83.0,Seoul
TP,83.0,94.0,Seoul
TP,94.0,86.0,Seoul
FP,86.0,124.0,Seoul
FP,124.0,280.0,Seoul
FP,280.0,292.0,Seoul
FP,292.0,282.0,Seoul
FP,282.0,316.0,Seoul
FP,179.0,234.0,Seoul
FP,234.0,517.0,Seoul
FP,291.0,296.0,Seoul
FP,296.0,293.0,Seoul
FP,293.0,973.0,Seoul
TP,356.0,81.0,Seoul
TP,81.0,77.0,Seoul
TP,77.0,94.0,Seoul
FP,94.0,154.0,Seoul
FP,154.0,168.0,Seoul
FP,168.0,227.0,Seoul
TP,227.0,87.0,Seoul
TP,87.0,39.0,Seoul
TP,39.0,71.0,Seoul
TP,71.0,96.0,Seoul
TP,96.0,34.0,Seoul
FP,34.0,161.0,Seoul
TP,161.0,80.0,Seoul
TP,80.0,29.0,Seoul
TP,29.0,42.0,Seoul
TP,42.0,23.0,Seoul
TP,23.0,25.0,Seoul
FP,25.0,109.0,Seoul
TP,109.0,45.0,Seoul
FP,45.0,660.0,Seoul
FP,660.0,909.0,Seoul
FP,259.0,940.0,Seoul
FP,940.0,1233.0,Seoul
FP,274.0,373.0,Seoul
FP,373.0,388.0,Seoul
FP,388.0,380.0,Seoul
FP,380.0,277.0,Seoul
FP,277.0,599.0,Seoul
FP,599.0,275.0,Seoul
FP,275.0,159.0,Seoul
FP,159.0,445.0,Seoul
FP,445.0,937.0,Seoul
FP,997.0,1307.0,Seoul
FP,222.0,628.0,Seoul
FP,2000.0,2000.0,Seoul
FP,2000.0,2000.0,Seoul
FP,2000.0,1867.0,Seoul
TP,163.0,98.0,Seoul
TP,98.0,77.0,Seoul
FP,77.0,241.0,Seoul
FP,241.0,216.0,Seoul
FP,216.0,243.0,Seoul
FP,243.0,373.0,Seoul
FP,262.0,322.0,Seoul
FP,322.0,775.0,Seoul
FP,775.0,901.0,Seoul
FP,168.0,238.0,Seoul
FP,238.0,321.0,Seoul
FP,289.0,313.0,Seoul
FP,313.0,260.0,Seoul
FP,260.0,270.0,Seoul
FP,270.0,248.0,Seoul
FP,248.0,227.0,Seoul
FP,227.0,248.0,Seoul
FP,248.0,328.0,Seoul
FP,328.0,471.0,Seoul
FP,331.0,411.0,Seoul
FP,271.0,360.0,Seoul
FP,322.0,188.0,Seoul
FP,188.0,227.0,Seoul
FP,227.0,227.0,Seoul
FP,227.0,463.0,Seoul
FP,463.0,301.0,Seoul
FP,189.0,276.0,Seoul
FP,276.0,1501.0,Seoul
FP,281.0,353.0,Seoul
FP,353.0,375.0,Seoul
FP,172.0,360.0,Seoul
FP,218.0,288.0,Seoul
FP,288.0,1038.0,Seoul
FP,193.0,990.0,Seoul
FP,149.0,411.0,Seoul
FP,411.0,486.0,Seoul
FP,160.0,184.0,Seoul
FP,184.0,167.0,Seoul
FP,167.0,230.0,Seoul
FP,311.0,317.0,Seoul
FP,358.0,404.0,Seoul
FP,404.0,484.0,Seoul
FP,484.0,538.0,Seoul
FP,158.0,218.0,Seoul
FP,218.0,118.0,Seoul
FP,118.0,271.0,Seoul
FP,122.0,233.0,Seoul
FP,140.0,888.0,Seoul
FP,257.0,192.0,Seoul
FP,192.0,813.0,Seoul
FP,813.0,300.0,Seoul
FP,190.0,314.0,Seoul
FP,247.0,356.0,Seoul
FP,356.0,245.0,Seoul
FP,245.0,333.0,Seoul
FP,214.0,229.0,Seoul
FP,229.0,613.0,Seoul
FP,182.0,217.0,Seoul
FP,217.0,189.0,Seoul
FP,189.0,201.0,Seoul
FP,201.0,224.0,Seoul
TP,183.0,52.0,Seoul
FP,52.0,1027.0,Seoul
FN,813.0,88.0,Seoul
FP,173.0,377.0,Seoul
FP,224.0,1759.0,Seoul
FP,679.0,394.0,Seoul
FP,187.0,122.0,Seoul
FP,122.0,169.0,Seoul
FN,132.0,72.0,Seoul
TP,127.0,91.0,Seoul
TP,91.0,90.0,Seoul
FP,90.0,105.0,Seoul
FP,194.0,190.0,Seoul
FP,488.0,207.0,Seoul
FP,207.0,1274.0,Seoul
FN,2000.0,80.0,Seoul
TP,80.0,53.0,Seoul
FP,53.0,766.0,Seoul
FN,1963.0,55.0,Seoul
TP,55.0,79.0,Seoul
FP,79.0,564.0,Seoul
FP,141.0,1991.0,Seoul
FP,208.0,252.0,Seoul
FP,252.0,1628.0,Seoul
FP,211.0,234.0,Seoul
FP,291.0,440.0,Seoul
FP,189.0,311.0,Seoul
FP,311.0,206.0,Seoul
FP,206.0,1169.0,Seoul
FP,233.0,766.0,Seoul
FP,766.0,811.0,Seoul
FP,811.0,170.0,Seoul
FP,170.0,630.0,Seoul
FP,236.0,960.0,Seoul
TP,404.0,88.0,Seoul
FP,88.0,220.0,Seoul
FP,220.0,131.0,Seoul
FP,131.0,260.0,Seoul
FP,260.0,168.0,Seoul
FP,168.0,324.0,Seoul
FP,194.0,217.0,Seoul
FP,217.0,131.0,Seoul
FP,131.0,223.0,Seoul
FP,223.0,116.0,Seoul
FP,116.0,242.0,Seoul
FP,242.0,412.0,Seoul
FP,412.0,2000.0,Seoul
FP,351.0,347.0,Seoul
FP,347.0,274.0,Seoul
FP,274.0,219.0,Seoul
FP,219.0,206.0,Seoul
FP,206.0,181.0,Seoul
FP,181.0,140.0,Seoul
FP,140.0,211.0,Seoul
FP,211.0,177.0,Seoul
FP,177.0,235.0,Seoul
FP,235.0,220.0,Seoul
TP,220.0,88.0,Seoul
TP,88.0,51.0,Seoul
FP,51.0,117.0,Seoul
FP,117.0,238.0,Seoul
FP,238.0,252.0,Seoul
FP,252.0,193.0,Seoul
FP,193.0,464.0,Seoul
FP,499.0,596.0,Seoul
FP,596.0,519.0,Seoul
FP,130.0,487.0,Seoul
FP,1988.0,2000.0,Seoul
FP,2000.0,1673.0,Seoul
FP,235.0,210.0,Seoul
FP,210.0,262.0,Seoul
FP,262.0,573.0,Seoul
FP,573.0,809.0,Seoul
FN,1862.0,91.0,Seoul
FP,91.0,1274.0,Seoul
FP,200.0,644.0,Seoul
FP,242.0,405.0,Seoul
FP,424.0,626.0,Seoul
FP,274.0,558.0,Seoul
FP,335.0,2000.0,Seoul
FP,250.0,523.0,Seoul
FP,523.0,1171.0,Seoul
TP,254.0,80.0,Seoul
TP,80.0,72.0,Seoul
FP,72.0,1539.0,Seoul
FN,1839.0,72.0,Seoul
FP,72.0,2000.0,Seoul
FP,298.0,279.0,Seoul
FP,184.0,1266.0,Seoul
FP,142.0,316.0,Seoul
FP,240.0,211.0,Seoul
FP,211.0,160.0,Seoul
FP,160.0,129.0,Seoul
FP,129.0,118.0,Seoul
FP,118.0,386.0,Seoul
FP,290.0,380.0,Seoul
FP,380.0,347.0,Seoul
FP,4428.0,4682.0,Seoul
FP,4682.0,4999.0,Seoul
FP,215.0,232.0,Seoul
FP,232.0,217.0,Seoul
FP,217.0,194.0,Seoul
FP,194.0,222.0,Seoul
FP,3703.0,4027.0,Seoul
FP,3480.0,2925.0,Seoul
FP,2925.0,1726.0,Seoul
FP,1726.0,1908.0,Seoul
FP,1908.0,2792.0,Seoul
FP,207.0,297.0,Seoul
FP,297.0,410.0,Seoul
FP,225.0,217.0,Seoul
FP,217.0,174.0,Seoul
FP,174.0,202.0,Seoul
FP,202.0,243.0,Seoul
FP,3169.0,3784.0,Seoul
FP,402.0,563.0,Seoul
FP,563.0,533.0,Seoul
FP,197.0,508.0,Seoul
FP,1679.0,1035.0,Seoul
FP,1035.0,1458.0,Seoul
FP,692.0,736.0,Seoul
FP,736.0,318.0,Seoul
FP,318.0,264.0,Seoul
TP,264.0,92.0,Seoul
FP,126.0,419.0,Seoul
FP,419.0,697.0,Seoul
FP,181.0,374.0,Seoul
FP,374.0,252.0,Seoul
TP,252.0,98.0,Seoul
FP,98.0,229.0,Seoul
FP,229.0,254.0,Seoul
FP,254.0,272.0,Seoul
FP,194.0,156.0,Seoul
FP,272.0,338.0,Seoul
FP,338.0,364.0,Seoul
FP,390.0,384.0,Seoul
FP,384.0,200.0,Seoul
FP,200.0,253.0,Seoul
FP,253.0,218.0,Seoul
FP,424.0,339.0,Seoul
FP,339.0,486.0,Seoul
FP,486.0,405.0,Seoul
FP,405.0,445.0,Seoul
FP,686.0,705.0,Seoul
FP,1786.0,136.0,Seoul
FP,136.0,539.0,Seoul
FP,539.0,701.0,Seoul
FP,701.0,850.0,Seoul
FP,197.0,790.0,Seoul
FP,790.0,338.0,Seoul
FP,338.0,474.0,Seoul
FP,284.0,179.0,Seoul
FP,179.0,362.0,Seoul
FP,362.0,289.0,Seoul
FP,289.0,249.0,Seoul
FP,249.0,459.0,Seoul
FP,459.0,393.0,Seoul
FP,358.0,416.0,Seoul
FP,416.0,403.0,Seoul
FP,320.0,294.0,Seoul
FP,202.0,236.0,Seoul
FP,236.0,333.0,Seoul
FP,282.0,244.0,Seoul
FP,244.0,257.0,Seoul
FP,257.0,260.0,Seoul
FP,260.0,276.0,Seoul
FP,276.0,303.0,Seoul
FP,303.0,346.0,Seoul
FP,341.0,374.0,Seoul
FP,372.0,325.0,Seoul
FP,315.0,326.0,Seoul
FP,326.0,382.0,Seoul
FP,382.0,589.0,Seoul
FP,2658.0,2106.0,Seoul
FP,2106.0,670.0,Seoul
FP,670.0,280.0,Seoul
FP,280.0,393.0,Seoul
FP,393.0,397.0,Seoul
FP,397.0,292.0,Seoul
FP,292.0,409.0,Seoul
FP,409.0,664.0,Seoul
FP,266.0,255.0,Seoul
FP,255.0,289.0,Seoul
FP,289.0,449.0,Seoul
FP,449.0,466.0,Seoul
FP,348.0,248.0,Seoul
TP,248.0,53.0,Seoul
FP,53.0,169.0,Seoul
FP,169.0,141.0,Seoul
FP,141.0,243.0,Seoul
FP,243.0,176.0,Seoul
FP,176.0,138.0,Seoul
FP,138.0,193.0,Seoul
FP,193.0,177.0,Seoul
FP,177.0,313.0,Seoul
FP,313.0,223.0,Seoul
FP,223.0,435.0,Seoul
FP,435.0,434.0,Seoul
FP,107.0,186.0,Seoul
FP,186.0,186.0,Seoul
FP,186.0,163.0,Seoul
FP,1473.0,1478.0,Seoul
FP,1478.0,1422.0,Seoul
FP,1422.0,1519.0,Seoul
FP,934.0,1040.0,Seoul
FP,2055.0,2434.0,Seoul
FP,193.0,396.0,Seoul
FP,396.0,443.0,Seoul
FP,202.0,306.0,Seoul
FP,306.0,111.0,Seoul
FP,111.0,512.0,Seoul
FP,512.0,636.0,Seoul
FP,124.0,914.0,Seoul
FP,914.0,2256.0,Seoul
FP,306.0,292.0,Seoul
FP,292.0,122.0,Seoul
FP,122.0,110.0,Seoul
TP,110.0,33.0,Seoul
TP,33.0,44.0,Seoul
FP,44.0,114.0,Seoul
TP,114.0,24.0,Seoul
TP,24.0,43.0,Seoul
TP,43.0,51.0,Seoul
TP,51.0,27.0,Seoul
TP,27.0,77.0,Seoul
TP,77.0,26.0,Seoul
FP,26.0,181.0,Seoul
FP,181.0,255.0,Seoul
FP,255.0,166.0,Seoul
FP,166.0,465.0,Seoul
FP,465.0,905.0,Seoul
FP,303.0,144.0,Seoul
FP,144.0,209.0,Seoul
FP,209.0,167.0,Seoul
FP,167.0,177.0,Seoul
FP,177.0,157.0,Seoul
FP,235.0,236.0,Seoul
FP,236.0,2921.0,Seoul
FP,984.0,763.0,Seoul
FP,763.0,725.0,Seoul
FP,481.0,1064.0,Seoul
FP,189.0,328.0,Seoul
FP,328.0,613.0,Seoul
FP,479.0,838.0,Seoul
FP,178.0,227.0,Seoul
FP,219.0,175.0,Seoul
FP,175.0,747.0,Seoul
FP,301.0,232.0,Seoul
FP,232.0,201.0,Seoul
FP,201.0,186.0,Seoul
FP,186.0,229.0,Seoul
FP,229.0,285.0,Seoul
FP,285.0,369.0,Seoul
FP,369.0,414.0,Seoul
FP,139.0,219.0,Seoul
FP,219.0,403.0,Seoul
FP,205.0,114.0,Seoul
FP,114.0,182.0,Seoul
FP,182.0,316.0,Seoul
FP,209.0,748.0,Seoul
FP,123.0,390.0,Seoul
FP,283.0,240.0,Seoul
FP,209.0,348.0,Seoul
FP,209.0,1305.0,Seoul
FP,344.0,916.0,Seoul
FP,185.0,363.0,Seoul
FP,799.0,413.0,Seoul
FP,3883.0,3768.0,Seoul
FN,598.0,80.0,Seoul
FP,80.0,1040.0,Seoul
FP,148.0,387.0,Seoul
FP,211.0,150.0,Seoul
FP,150.0,3587.0,Seoul
FP,723.0,2796.0,Seoul
FP,526.0,685.0,Seoul
FP,685.0,518.0,Seoul
FP,219.0,617.0,Seoul
FP,222.0,357.0,Seoul
FP,447.0,182.0,Seoul
FP,182.0,483.0,Seoul
FP,505.0,455.0,Seoul
FP,455.0,230.0,Seoul
FN,1279.0,72.0,Seoul
TP,72.0,93.0,Seoul
FP,93.0,258.0,Seoul
FP,258.0,295.0,Seoul
TP,295.0,95.0,Seoul
FP,95.0,660.0,Seoul
FP,128.0,1528.0,Seoul
TP,1528.0,62.0,Seoul
FP,62.0,1300.0,Seoul
FP,266.0,194.0,Seoul
FP,194.0,632.0,Seoul
FP,157.0,247.0,Seoul
FP,247.0,595.0,Seoul
FN,813.0,94.0,Seoul
FP,94.0,134.0,Seoul
FP,134.0,459.0,Seoul
FP,459.0,701.0,Seoul
FP,2996.0,2962.0,Seoul
FP,2962.0,2421.0,Seoul
FP,2421.0,2265.0,Seoul
FP,386.0,366.0,Seoul
FP,366.0,269.0,Seoul
FP,269.0,452.0,Seoul
FP,452.0,524.0,Seoul
FP,415.0,433.0,Seoul
FP,2939.0,3071.0,Seoul
FP,3071.0,2896.0,Seoul
FP,2896.0,2751.0,Seoul
FP,2751.0,2464.0,Seoul
FP,1186.0,1853.0,Seoul
FP,3229.0,2572.0,Seoul
FP,2572.0,2937.0,Seoul
FP,1888.0,2154.0,Seoul
FP,2154.0,822.0,Seoul
FP,822.0,1630.0,Seoul
FP,1354.0,1242.0,Seoul
FP,859.0,936.0,Seoul
FP,936.0,439.0,Seoul
FP,439.0,453.0,Seoul
FN,409.0,54.0,Seoul
FP,54.0,177.0,Seoul
FP,177.0,281.0,Seoul
FP,281.0,201.0,Seoul
TP,201.0,78.0,Seoul
FP,78.0,315.0,Seoul
FP,315.0,349.0,Seoul
FP,349.0,442.0,Seoul
FP,2925.0,2612.0,Seoul
FP,2150.0,2190.0,Seoul
